date,CVS,Price Chopper,SUNY Albany,Walgreens,Albany Armory,Hannaford
2021-02-25 19:45:02,Unavailable,Unavailable,Unavailable,Unavailable,"Available**Washington Avenue Armory - Albany, Schenectady, Troy ",Unavailable
2021-02-25 19:40:08,Unavailable,Unavailable,Unavailable,Unavailable,"Available**Washington Avenue Armory - Albany, Schenectady, Troy ",Unavailable
2021-02-25 19:35:08,Unavailable,Unavailable,Unavailable,Available,"Available**Washington Avenue Armory - Albany, Schenectady, Troy ",Unavailable
2021-02-25 19:30:07,Unavailable,Unavailable,Unavailable,Unavailable,"Available**Washington Avenue Armory - Albany, Schenectady, Troy ",Unavailable
2021-02-25 19:25:02,Unavailable,Unavailable,Unavailable,Unavailable,"Available**Washington Avenue Armory - Albany, Schenectady, Troy ",Unavailable
2021-02-25 19:20:07,Unavailable,Unavailable,Unavailable,Unavailable,"Available**Washington Avenue Armory - Albany, Schenectady, Troy ",Unavailable
2021-02-25 19:15:08,Unavailable,Unavailable,Unavailable,Unavailable,"Available**Washington Avenue Armory - Albany, Schenectady, Troy ",Unavailable
2021-02-25 19:10:07,Unavailable,Unavailable,Unavailable,Available,"Available**Washington Avenue Armory - Albany, Schenectady, Troy ",Unavailable
2021-02-25 19:05:04,Unavailable,Unavailable,Unavailable,Available,"Available**Washington Avenue Armory - Albany, Schenectady, Troy ",Unavailable
2021-02-25 19:00:01,Unavailable,Unavailable,Unavailable,Unavailable,"Available**Washington Avenue Armory - Albany, Schenectady, Troy ",Unavailable
2021-02-25 18:54:58,Unavailable,Unavailable,Unavailable,Unavailable,"Available**Washington Avenue Armory - Albany, Schenectady, Troy ",Unavailable
2021-02-25 18:50:06,Unavailable,Unavailable,Unavailable,Unavailable,"Available**Washington Avenue Armory - Albany, Schenectady, Troy ",Unavailable
2021-02-25 18:45:13,Unavailable,Unavailable,Unavailable,Available,"Available**Washington Avenue Armory - Albany, Schenectady, Troy ",Unavailable
2021-02-25 18:40:04,Unavailable,Unavailable,Unavailable,Available,"Available**Washington Avenue Armory - Albany, Schenectady, Troy ",Unavailable
2021-02-25 18:35:06,Unavailable,Unavailable,Unavailable,Available,"Available**Washington Avenue Armory - Albany, Schenectady, Troy ",Unavailable
2021-02-25 18:30:05,Unavailable,Unavailable,Unavailable,Available,"Available**Washington Avenue Armory - Albany, Schenectady, Troy ",Unavailable
2021-02-25 18:25:04,Unavailable,Unavailable,Unavailable,Available,"Available**Washington Avenue Armory - Albany, Schenectady, Troy ",Unavailable
2021-02-25 18:20:05,Unavailable,Unavailable,Unavailable,Available,"Available**Washington Avenue Armory - Albany, Schenectady, Troy ",Unavailable
2021-02-25 18:15:04,Unavailable,Unavailable,Unavailable,Available,"Available**Washington Avenue Armory - Albany, Schenectady, Troy ",Unavailable
2021-02-25 18:10:03,Unavailable,Unavailable,Unavailable,Available,"Available**Washington Avenue Armory - Albany, Schenectady, Troy ",Unavailable
2021-02-25 18:05:20,Unavailable,Unavailable,Unavailable,Available,"Available**Washington Avenue Armory - Albany, Schenectady, Troy ",Unavailable
2021-02-25 18:01:38,Unavailable,Unavailable,Unavailable,Available,"Available**Washington Avenue Armory - Albany, Schenectady, Troy ",Unavailable
2021-02-25 17:58:00,Unavailable,Unavailable,Unavailable,Available,"Available**Washington Avenue Armory - Albany, Schenectady, Troy ",Unavailable
2021-02-25 17:50:47,Unavailable,Unavailable,Unavailable,Available,"Available**Washington Avenue Armory - Albany, Schenectady, Troy ",Unavailable
2021-02-25 17:45:03,Unavailable,Unavailable,Unavailable,Unavailable,"Available**Washington Avenue Armory - Albany, Schenectady, Troy ",Unavailable
2021-02-25 17:40:02,Unavailable,Unavailable,Unavailable,Unavailable,"Available**Washington Avenue Armory - Albany, Schenectady, Troy ",Unavailable
2021-02-25 17:35:08,Unavailable,Unavailable,Unavailable,Unavailable,"Available**Washington Avenue Armory - Albany, Schenectady, Troy ",Unavailable
2021-02-25 17:30:02,Unavailable,Unavailable,Unavailable,Unavailable,"Available**Washington Avenue Armory - Albany, Schenectady, Troy ",Unavailable
2021-02-25 17:25:08,Unavailable,Unavailable,Unavailable,Unavailable,"Available**Washington Avenue Armory - Albany, Schenectady, Troy ",Unavailable
2021-02-25 17:20:07,Unavailable,Unavailable,Unavailable,Unavailable,"Available**Washington Avenue Armory - Albany, Schenectady, Troy ",Unavailable
2021-02-25 17:15:00,Unavailable,Unavailable,Unavailable,Unavailable,"Available**Washington Avenue Armory - Albany, Schenectady, Troy ",Unavailable
2021-02-25 17:10:03,Unavailable,Unavailable,Unavailable,Unavailable,"Available**Washington Avenue Armory - Albany, Schenectady, Troy ",Unavailable
2021-02-25 17:05:04,Unavailable,Unavailable,Unavailable,Unavailable,"Available**Washington Avenue Armory - Albany, Schenectady, Troy ",Unavailable
2021-02-25 17:00:07,Unavailable,Unavailable,Unavailable,Available,"Available**Washington Avenue Armory - Albany, Schenectady, Troy ",Unavailable
2021-02-25 16:55:01,Unavailable,Unavailable,Unavailable,Unavailable,"Available**Washington Avenue Armory - Albany, Schenectady, Troy ",Unavailable
2021-02-25 16:50:11,Unavailable,Unavailable,Unavailable,Unavailable,"Available**Washington Avenue Armory - Albany, Schenectady, Troy ",Unavailable
2021-02-25 16:45:01,Unavailable,Unavailable,Unavailable,Unavailable,"Available**Washington Avenue Armory - Albany, Schenectady, Troy ",Unavailable
2021-02-25 16:40:04,Available QUEENSBURY ,Unavailable,Unavailable,Unavailable,"Available**Washington Avenue Armory - Albany, Schenectady, Troy ",Unavailable
2021-02-25 16:35:02,Available QUEENSBURY ,Unavailable,Unavailable,Unavailable,"Available**Washington Avenue Armory - Albany, Schenectady, Troy ",Unavailable
2021-02-25 16:30:06,Available QUEENSBURY ,Unavailable,Unavailable,Unavailable,"Available**Washington Avenue Armory - Albany, Schenectady, Troy ",Unavailable
2021-02-25 16:25:05,Available QUEENSBURY SARATOGA SPRINGS ,Unavailable,Unavailable,Unavailable,"Available**Washington Avenue Armory - Albany, Schenectady, Troy ",Unavailable
2021-02-25 16:20:15,Available QUEENSBURY SARATOGA SPRINGS ,Unavailable,Unavailable,Unavailable,"Available**Washington Avenue Armory - Albany, Schenectady, Troy ",Available (Sunday 28)
2021-02-25 16:15:06,Available QUEENSBURY SARATOGA SPRINGS ,Unavailable,Unavailable,Unavailable,"Available**Washington Avenue Armory - Albany, Schenectady, Troy ",Unavailable
2021-02-25 16:10:06,Available QUEENSBURY SARATOGA SPRINGS ,Unavailable,Unavailable,Unavailable,"Available**Washington Avenue Armory - Albany, Schenectady, Troy ",Unavailable
2021-02-25 16:05:06,Available QUEENSBURY SARATOGA SPRINGS WYNANTSKILL ,Unavailable,Unavailable,Unavailable,"Available**Washington Avenue Armory - Albany, Schenectady, Troy ",Unavailable
2021-02-25 16:00:13,Available QUEENSBURY SARATOGA SPRINGS WYNANTSKILL ,Unavailable,Unavailable,Unavailable,"Available**Washington Avenue Armory - Albany, Schenectady, Troy ",Unavailable
2021-02-25 15:55:03,Available COLONIE GLENVILLE QUEENSBURY SARATOGA SPRINGS WYNANTSKILL ,Unavailable,Unavailable,Unavailable,"Available**Washington Avenue Armory - Albany, Schenectady, Troy ",Unavailable
2021-02-25 15:50:03,Available COLONIE GLENVILLE QUEENSBURY SARATOGA SPRINGS WYNANTSKILL ,Unavailable,Unavailable,Unavailable,"Available**Washington Avenue Armory - Albany, Schenectady, Troy ",Unavailable
2021-02-25 15:45:00,Available COLONIE GLENVILLE QUEENSBURY SARATOGA SPRINGS WYNANTSKILL ,Unavailable,Unavailable,Unavailable,"Available**Washington Avenue Armory - Albany, Schenectady, Troy ",Unavailable
2021-02-25 15:40:02,Available COLONIE GLENVILLE QUEENSBURY SARATOGA SPRINGS WYNANTSKILL ,Unavailable,Unavailable,Unavailable,"Available**Washington Avenue Armory - Albany, Schenectady, Troy ",Unavailable
2021-02-25 15:35:01,Available COLONIE GLENVILLE QUEENSBURY SARATOGA SPRINGS WYNANTSKILL ,Unavailable,Unavailable,Unavailable,"Available**Washington Avenue Armory - Albany, Schenectady, Troy ",Unavailable
2021-02-25 15:30:06,Available COLONIE GLENVILLE QUEENSBURY SARATOGA SPRINGS WYNANTSKILL ,Unavailable,Unavailable,Unavailable,"Available**Washington Avenue Armory - Albany, Schenectady, Troy ",Unavailable
2021-02-25 15:25:05,Available COLONIE GLENVILLE QUEENSBURY SARATOGA SPRINGS WYNANTSKILL ,Unavailable,Unavailable,Unavailable,"Available**Washington Avenue Armory - Albany, Schenectady, Troy ",Unavailable
2021-02-25 15:20:13,Available COLONIE GLENVILLE QUEENSBURY SARATOGA SPRINGS WYNANTSKILL ,Unavailable,Unavailable,Unavailable,"Available**Washington Avenue Armory - Albany, Schenectady, Troy ",Unavailable
2021-02-25 15:15:41,Available COLONIE GLENVILLE QUEENSBURY SARATOGA SPRINGS WYNANTSKILL ,Unavailable,Unavailable,Unavailable,"Available**Washington Avenue Armory - Albany, Schenectady, Troy ",Unavailable
2021-02-25 15:11:33,Available COLONIE GLENVILLE QUEENSBURY SARATOGA SPRINGS WYNANTSKILL ,Unavailable,Unavailable,Unavailable,"Available**Washington Avenue Armory - Albany, Schenectady, Troy ",Unavailable
2021-02-25 15:05:12,Available COLONIE GLENVILLE QUEENSBURY SARATOGA SPRINGS WYNANTSKILL ,Unavailable,Unavailable,Unavailable,"Available**Washington Avenue Armory - Albany, Schenectady, Troy ",Unavailable
2021-02-25 15:00:01,Available COLONIE GLENVILLE QUEENSBURY SARATOGA SPRINGS WYNANTSKILL ,Unavailable,Unavailable,Unavailable,"Available**Washington Avenue Armory - Albany, Schenectady, Troy ",Unavailable
2021-02-25 14:55:08,Available COLONIE GLENVILLE QUEENSBURY SARATOGA SPRINGS WYNANTSKILL ,Unavailable,Unavailable,Unavailable,"Available**Washington Avenue Armory - Albany, Schenectady, Troy ",Unavailable
2021-02-25 14:50:02,Available COLONIE GLENVILLE QUEENSBURY SARATOGA SPRINGS WYNANTSKILL ,Unavailable,Unavailable,Unavailable,"Available**Washington Avenue Armory - Albany, Schenectady, Troy ",Unavailable
2021-02-25 14:45:03,Available COLONIE GLENVILLE QUEENSBURY SARATOGA SPRINGS WYNANTSKILL ,Unavailable,Unavailable,Unavailable,"Available**Washington Avenue Armory - Albany, Schenectady, Troy ",Unavailable
2021-02-25 14:40:00,Available COLONIE GLENVILLE QUEENSBURY SARATOGA SPRINGS WYNANTSKILL ,Unavailable,Unavailable,Unavailable,"Available**Washington Avenue Armory - Albany, Schenectady, Troy ",Available (Sunday 28)
2021-02-25 14:35:03,Available COLONIE GLENVILLE QUEENSBURY SARATOGA SPRINGS WYNANTSKILL ,Unavailable,Unavailable,Unavailable,"Available**Washington Avenue Armory - Albany, Schenectady, Troy ",Unavailable
2021-02-25 14:30:01,Available COLONIE GLENVILLE QUEENSBURY SARATOGA SPRINGS WYNANTSKILL ,Unavailable,Unavailable,Unavailable,"Available**Washington Avenue Armory - Albany, Schenectady, Troy ",Unavailable
2021-02-25 14:25:03,Available COLONIE GLENVILLE QUEENSBURY SARATOGA SPRINGS WYNANTSKILL ,Unavailable,Unavailable,Unavailable,"Available**Washington Avenue Armory - Albany, Schenectady, Troy ",Unavailable
2021-02-25 14:20:08,Available COLONIE GLENVILLE QUEENSBURY SARATOGA SPRINGS WYNANTSKILL ,Unavailable,Unavailable,Unavailable,"Available**Washington Avenue Armory - Albany, Schenectady, Troy ",Unavailable
2021-02-25 14:15:02,Available COLONIE GLENVILLE QUEENSBURY SARATOGA SPRINGS WYNANTSKILL ,Unavailable,Unavailable,Unavailable,"Available**Washington Avenue Armory - Albany, Schenectady, Troy ",Unavailable
2021-02-25 14:10:00,Available COLONIE GLENVILLE QUEENSBURY SARATOGA SPRINGS WYNANTSKILL ,Unavailable,Unavailable,Unavailable,"Available**Washington Avenue Armory - Albany, Schenectady, Troy ",Unavailable
2021-02-25 14:05:01,Available COLONIE GLENVILLE QUEENSBURY SARATOGA SPRINGS WYNANTSKILL ,Unavailable,Unavailable,Unavailable,"Available**Washington Avenue Armory - Albany, Schenectady, Troy ",Unavailable
2021-02-25 14:00:11,Available COLONIE GLENVILLE QUEENSBURY SARATOGA SPRINGS WYNANTSKILL ,Unavailable,Unavailable,Unavailable,"Available**Washington Avenue Armory - Albany, Schenectady, Troy ",Unavailable
2021-02-25 13:57:29,Available COLONIE GLENVILLE QUEENSBURY SARATOGA SPRINGS WYNANTSKILL ,Unavailable,Unavailable,Unavailable,"Available**Washington Avenue Armory - Albany, Schenectady, Troy ",Unavailable
2021-02-25 13:52:35,Unavailable,Unavailable,Unavailable,Unavailable,"Available**Washington Avenue Armory - Albany, Schenectady, Troy ",Available (Friday 26)
2021-02-25 13:50:04,Available COLONIE(0)  Available GLENVILLE(0)  Available QUEENSBURY(0)  Available SARATOGA SPRINGS(0)  Available WYNANTSKILL(0)  ,Unavailable,Unavailable,Unavailable,"Available**Washington Avenue Armory - Albany, Schenectady, Troy ",Unavailable
2021-02-25 13:45:07,Available COLONIE(0)  Available GLENVILLE(0)  Available QUEENSBURY(0)  Available SARATOGA SPRINGS(0)  Available WYNANTSKILL(0)  ,Unavailable,Unavailable,Unavailable,"Available**Washington Avenue Armory - Albany, Schenectady, Troy ",Unavailable
2021-02-25 13:40:37,Available COLONIE(0)  Available GLENVILLE(0)  Available QUEENSBURY(0)  Available SARATOGA SPRINGS(0)  Available WYNANTSKILL(0)  ,Unavailable,Unavailable,Unavailable,"Available**Washington Avenue Armory - Albany, Schenectady, Troy ",Unavailable
2021-02-25 12:50:05,Unavailable,Unavailable,Unavailable,Unavailable,"Available**Washington Avenue Armory - Albany, Schenectady, Troy ",Unavailable
2021-02-25 12:45:03,Unavailable,Unavailable,Unavailable,Unavailable,"Available**Washington Avenue Armory - Albany, Schenectady, Troy ",Unavailable
2021-02-25 12:40:04,Unavailable,Unavailable,Unavailable,Unavailable,"Available**Washington Avenue Armory - Albany, Schenectady, Troy ",Unavailable
2021-02-25 12:35:03,Unavailable,Unavailable,Unavailable,Unavailable,"Available**Washington Avenue Armory - Albany, Schenectady, Troy ",Unavailable
2021-02-25 12:30:02,Unavailable,Unavailable,Unavailable,Unavailable,"Available**Washington Avenue Armory - Albany, Schenectady, Troy ",Unavailable
2021-02-25 12:25:03,Unavailable,Unavailable,Unavailable,Unavailable,"Available**Washington Avenue Armory - Albany, Schenectady, Troy ",Unavailable
2021-02-25 12:20:04,Unavailable,Unavailable,Unavailable,Unavailable,"Available**Washington Avenue Armory - Albany, Schenectady, Troy ",Unavailable
2021-02-25 12:15:04,Unavailable,Unavailable,Unavailable,Unavailable,"Available**Washington Avenue Armory - Albany, Schenectady, Troy ",Unavailable
2021-02-25 12:10:01,Unavailable,Unavailable,Unavailable,Unavailable,"Available**Washington Avenue Armory - Albany, Schenectady, Troy ",Unavailable
2021-02-25 12:05:03,Unavailable,Unavailable,Unavailable,Unavailable,"Available**Washington Avenue Armory - Albany, Schenectady, Troy ",Unavailable
2021-02-25 12:00:04,Unavailable,Unavailable,Unavailable,Unavailable,"Available**Washington Avenue Armory - Albany, Schenectady, Troy ",Unavailable
2021-02-25 11:55:03,Unavailable,Unavailable,Unavailable,Unavailable,"Available**Washington Avenue Armory - Albany, Schenectady, Troy ",Unavailable
2021-02-25 11:50:09,Unavailable,Unavailable,Unavailable,Unavailable,"Available**Washington Avenue Armory - Albany, Schenectady, Troy ",Unavailable
2021-02-25 11:45:05,Unavailable,Unavailable,Unavailable,Unavailable,"Available**Washington Avenue Armory - Albany, Schenectady, Troy ",Available (Sunday 28)
2021-02-25 11:40:04,Unavailable,Unavailable,Unavailable,Unavailable,"Available**Washington Avenue Armory - Albany, Schenectady, Troy ",Available (Sunday 28)
2021-02-25 11:35:02,Unavailable,Unavailable,Unavailable,Unavailable,"Available**Washington Avenue Armory - Albany, Schenectady, Troy ",Unavailable
2021-02-25 11:30:07,Unavailable,Unavailable,Unavailable,Unavailable,"Available**Washington Avenue Armory - Albany, Schenectady, Troy ",Available (Sunday 28)
2021-02-25 11:25:01,Unavailable,Unavailable,Unavailable,Unavailable,"Available**Washington Avenue Armory - Albany, Schenectady, Troy ",Unavailable
2021-02-25 11:20:08,Unavailable,Unavailable,Unavailable,Unavailable,"Available**Washington Avenue Armory - Albany, Schenectady, Troy ",Unavailable
2021-02-25 11:15:06,Unavailable,Unavailable,Unavailable,Unavailable,"Available**Washington Avenue Armory - Albany, Schenectady, Troy ",Unavailable
2021-02-25 11:10:05,Unavailable,Unavailable,Unavailable,Unavailable,"Available**Washington Avenue Armory - Albany, Schenectady, Troy ",Unavailable
2021-02-25 11:05:07,Unavailable,Unavailable,Unavailable,Unavailable,"Available**Washington Avenue Armory - Albany, Schenectady, Troy ",Unavailable
2021-02-25 11:00:02,Unavailable,Unavailable,Unavailable,Unavailable,"Available**Washington Avenue Armory - Albany, Schenectady, Troy ",Unavailable
2021-02-25 10:55:35,Unavailable,Unavailable,Unavailable,Unavailable,"Available**Washington Avenue Armory - Albany, Schenectady, Troy ",Unavailable
2021-02-25 10:50:13,Unavailable,Unavailable,Unavailable,Unavailable,"Available**Washington Avenue Armory - Albany, Schenectady, Troy ",Unavailable
2021-02-25 10:45:01,Unavailable,Unavailable,Unavailable,Unavailable,"Available**Washington Avenue Armory - Albany, Schenectady, Troy ",Unavailable
2021-02-25 10:40:08,Unavailable,Unavailable,Unavailable,Unavailable,"Available**Washington Avenue Armory - Albany, Schenectady, Troy ",Unavailable
2021-02-25 10:35:06,Unavailable,Unavailable,Unavailable,Unavailable,"Available**Washington Avenue Armory - Albany, Schenectady, Troy ",Unavailable
2021-02-25 10:30:03,Unavailable,Unavailable,Unavailable,Unavailable,"Available**Washington Avenue Armory - Albany, Schenectady, Troy ",Unavailable
2021-02-25 10:25:01,Unavailable,Unavailable,Unavailable,Unavailable,"Available**Washington Avenue Armory - Albany, Schenectady, Troy ",
2021-02-25 10:20:01,Unavailable,Unavailable,Unavailable,Unavailable,"Available**Washington Avenue Armory - Albany, Schenectady, Troy ",
2021-02-25 10:15:04,Unavailable,Unavailable,Unavailable,Available,"Available**Washington Avenue Armory - Albany, Schenectady, Troy ",
2021-02-25 10:10:00,Unavailable,Unavailable,Unavailable,Available,"Available**Washington Avenue Armory - Albany, Schenectady, Troy ",
2021-02-25 10:05:04,Unavailable,Unavailable,Unavailable,Unavailable,"Available**Washington Avenue Armory - Albany, Schenectady, Troy ",
2021-02-25 09:59:58,Unavailable,Unavailable,Unavailable,Unavailable,"Available**Washington Avenue Armory - Albany, Schenectady, Troy ",
2021-02-25 09:55:02,Unavailable,Unavailable,Unavailable,Unavailable,"Available**Washington Avenue Armory - Albany, Schenectady, Troy ",
2021-02-25 09:49:58,Unavailable,Unavailable,Unavailable,Unavailable,"Available**Washington Avenue Armory - Albany, Schenectady, Troy ",
2021-02-25 09:45:02,Unavailable,Unavailable,Unavailable,Unavailable,"Available**Washington Avenue Armory - Albany, Schenectady, Troy ",
2021-02-25 09:40:11,Unavailable,Unavailable,Unavailable,Unavailable,"Available**Washington Avenue Armory - Albany, Schenectady, Troy ",
2021-02-25 09:35:04,Unavailable,Unavailable,Unavailable,Unavailable,"Available**Washington Avenue Armory - Albany, Schenectady, Troy ",
2021-02-25 09:30:03,Unavailable,Unavailable,Unavailable,Unavailable,"Available**Washington Avenue Armory - Albany, Schenectady, Troy ",
2021-02-25 09:25:02,Unavailable,Unavailable,Unavailable,Unavailable,"Available**Washington Avenue Armory - Albany, Schenectady, Troy ",
2021-02-25 09:20:06,Unavailable,Unavailable,Unavailable,Unavailable,"Available**Washington Avenue Armory - Albany, Schenectady, Troy ",
2021-02-25 09:15:00,Unavailable,Unavailable,Unavailable,Available,"Available**Washington Avenue Armory - Albany, Schenectady, Troy ",
2021-02-25 09:10:00,Unavailable,Unavailable,Unavailable,Unavailable,"Available**Washington Avenue Armory - Albany, Schenectady, Troy ",
2021-02-25 09:05:01,Unavailable,Unavailable,Unavailable,Unavailable,"Available**Washington Avenue Armory - Albany, Schenectady, Troy ",
2021-02-25 08:59:57,Unavailable,Unavailable,Unavailable,Available,"Available**Washington Avenue Armory - Albany, Schenectady, Troy ",
2021-02-25 08:55:01,Unavailable,Unavailable,Unavailable,Available,"Available**Washington Avenue Armory - Albany, Schenectady, Troy ",
2021-02-25 08:50:04,Unavailable,Unavailable,Unavailable,Available,"Available**Washington Avenue Armory - Albany, Schenectady, Troy ",
2021-02-25 08:44:59,Unavailable,Unavailable,Unavailable,Available,"Available**Washington Avenue Armory - Albany, Schenectady, Troy ",
2021-02-25 08:40:00,Unavailable,Unavailable,Unavailable,Unavailable,"Available**Washington Avenue Armory - Albany, Schenectady, Troy ",
2021-02-25 08:35:02,Unavailable,Unavailable,Unavailable,Unavailable,"Available**Washington Avenue Armory - Albany, Schenectady, Troy ",
2021-02-25 08:30:00,Unavailable,Unavailable,Unavailable,Unavailable,"Available**Washington Avenue Armory - Albany, Schenectady, Troy ",
2021-02-25 08:25:04,Unavailable,Unavailable,Unavailable,Unavailable,"Available**Washington Avenue Armory - Albany, Schenectady, Troy ",
2021-02-25 08:20:01,Unavailable,Unavailable,Unavailable,Unavailable,"Available**Washington Avenue Armory - Albany, Schenectady, Troy ",
2021-02-25 08:14:57,Unavailable,Unavailable,Unavailable,Unavailable,"Available**Washington Avenue Armory - Albany, Schenectady, Troy ",
2021-02-25 08:09:58,Unavailable,Unavailable,Unavailable,Unavailable,"Available**Washington Avenue Armory - Albany, Schenectady, Troy ",
2021-02-25 08:04:58,Unavailable,Unavailable,Unavailable,Unavailable,"Available**Washington Avenue Armory - Albany, Schenectady, Troy ",
2021-02-25 08:00:01,Unavailable,Unavailable,Unavailable,Unavailable,"Available**Washington Avenue Armory - Albany, Schenectady, Troy ",
2021-02-25 07:55:01,Unavailable,Unavailable,Unavailable,Unavailable,"Available**Washington Avenue Armory - Albany, Schenectady, Troy ",
2021-02-25 07:50:00,Unavailable,Unavailable,Unavailable,Unavailable,"Available**Washington Avenue Armory - Albany, Schenectady, Troy ",
2021-02-25 07:44:56,Unavailable,Unavailable,Unavailable,Unavailable,"Available**Washington Avenue Armory - Albany, Schenectady, Troy ",
2021-02-25 07:40:09,Unavailable,Unavailable,Unavailable,Unavailable,"Available**Washington Avenue Armory - Albany, Schenectady, Troy ",
2021-02-25 07:34:58,Unavailable,Unavailable,Unavailable,Unavailable,"Available**Washington Avenue Armory - Albany, Schenectady, Troy ",
2021-02-25 07:29:56,Unavailable,Unavailable,Unavailable,Unavailable,"Available**Washington Avenue Armory - Albany, Schenectady, Troy ",
2021-02-25 07:24:57,Unavailable,Unavailable,Unavailable,Unavailable,"Available**Washington Avenue Armory - Albany, Schenectady, Troy ",
2021-02-25 07:20:00,Unavailable,Unavailable,Unavailable,Unavailable,"Available**Washington Avenue Armory - Albany, Schenectady, Troy ",
2021-02-25 07:14:57,Unavailable,Unavailable,Unavailable,Unavailable,"Available**Washington Avenue Armory - Albany, Schenectady, Troy ",
2021-02-25 07:10:01,Unavailable,Unavailable,Unavailable,Available,"Available**Washington Avenue Armory - Albany, Schenectady, Troy ",
2021-02-25 07:04:57,Unavailable,Unavailable,Unavailable,Available,"Available**Washington Avenue Armory - Albany, Schenectady, Troy ",
2021-02-25 06:59:57,Unavailable,Unavailable,Unavailable,Unavailable,"Available**Washington Avenue Armory - Albany, Schenectady, Troy ",
2021-02-25 06:54:58,Unavailable,Unavailable,Unavailable,Unavailable,"Available**Washington Avenue Armory - Albany, Schenectady, Troy ",
2021-02-25 06:49:55,Unavailable,Unavailable,Unavailable,Unavailable,"Available**Washington Avenue Armory - Albany, Schenectady, Troy ",
2021-02-25 06:45:18,Unavailable,Unavailable,Unavailable,Unavailable,"Available**Washington Avenue Armory - Albany, Schenectady, Troy ",
2021-02-25 06:39:58,Unavailable,Unavailable,Unavailable,Unavailable,"Available**Washington Avenue Armory - Albany, Schenectady, Troy ",
2021-02-25 06:34:55,Unavailable,Unavailable,Unavailable,Unavailable,"Available**Washington Avenue Armory - Albany, Schenectady, Troy ",
2021-02-25 06:30:00,Unavailable,Unavailable,Unavailable,Unavailable,"Available**Washington Avenue Armory - Albany, Schenectady, Troy ",
2021-02-25 06:24:59,Unavailable,Unavailable,Unavailable,Unavailable,"Available**Washington Avenue Armory - Albany, Schenectady, Troy ",
2021-02-25 06:20:00,Unavailable,Unavailable,Unavailable,Unavailable,"Available**Washington Avenue Armory - Albany, Schenectady, Troy ",
2021-02-25 06:15:00,Unavailable,Unavailable,Unavailable,Unavailable,"Available**Washington Avenue Armory - Albany, Schenectady, Troy ",
2021-02-25 06:09:59,Unavailable,Unavailable,Unavailable,Unavailable,"Available**Washington Avenue Armory - Albany, Schenectady, Troy ",
2021-02-25 06:04:59,Unavailable,Unavailable,Unavailable,Unavailable,"Available**Washington Avenue Armory - Albany, Schenectady, Troy ",
2021-02-25 05:59:58,Unavailable,Unavailable,Unavailable,Unavailable,"Available**Washington Avenue Armory - Albany, Schenectady, Troy ",
2021-02-25 05:55:02,Unavailable,Unavailable,Unavailable,Unavailable,"Available**Washington Avenue Armory - Albany, Schenectady, Troy ",
2021-02-25 05:49:58,Unavailable,Unavailable,Unavailable,Unavailable,"Available**Washington Avenue Armory - Albany, Schenectady, Troy ",
2021-02-25 05:45:11,Unavailable,Unavailable,Unavailable,Unavailable,"Available**Washington Avenue Armory - Albany, Schenectady, Troy ",
2021-02-25 05:40:00,Unavailable,Unavailable,Unavailable,Unavailable,"Available**Washington Avenue Armory - Albany, Schenectady, Troy ",
2021-02-25 05:35:18,Unavailable,Unavailable,Unavailable,Unavailable,"Available**Washington Avenue Armory - Albany, Schenectady, Troy ",
2021-02-25 05:30:34,Unavailable,Unavailable,Unavailable,Unavailable,"Available**Washington Avenue Armory - Albany, Schenectady, Troy ",
2021-02-25 05:25:15,Unavailable,Unavailable,Unavailable,Unavailable,"Available**Washington Avenue Armory - Albany, Schenectady, Troy ",
2021-02-25 05:20:15,Unavailable,Unavailable,Unavailable,Unavailable,"Available**Washington Avenue Armory - Albany, Schenectady, Troy ",
2021-02-25 05:18:47,Unavailable,Unavailable,Unavailable,Unavailable,"Available**Washington Avenue Armory - Albany, Schenectady, Troy ",
2021-02-25 05:11:26,Unavailable,Unavailable,Unavailable,Unavailable,"Available**Washington Avenue Armory - Albany, Schenectady, Troy ",
2021-02-25 05:05:00,Unavailable,Unavailable,Unavailable,Unavailable,"Available**Washington Avenue Armory - Albany, Schenectady, Troy ",
2021-02-25 05:00:15,Unavailable,Unavailable,Unavailable,Unavailable,"Available**Washington Avenue Armory - Albany, Schenectady, Troy ",
2021-02-25 04:54:59,Unavailable,Unavailable,Unavailable,Unavailable,"Available**Washington Avenue Armory - Albany, Schenectady, Troy ",
2021-02-25 04:49:59,Unavailable,Unavailable,Unavailable,Unavailable,"Available**Washington Avenue Armory - Albany, Schenectady, Troy ",
2021-02-25 04:45:06,Unavailable,Unavailable,Unavailable,Unavailable,"Available**Washington Avenue Armory - Albany, Schenectady, Troy ",
2021-02-25 04:40:01,Unavailable,Unavailable,Unavailable,Unavailable,"Available**Washington Avenue Armory - Albany, Schenectady, Troy ",
2021-02-25 04:35:03,Unavailable,Unavailable,Unavailable,Unavailable,"Available**Washington Avenue Armory - Albany, Schenectady, Troy ",
2021-02-25 04:30:00,Unavailable,Unavailable,Unavailable,Unavailable,"Available**Washington Avenue Armory - Albany, Schenectady, Troy ",
2021-02-25 04:24:58,Unavailable,Unavailable,Unavailable,Unavailable,"Available**Washington Avenue Armory - Albany, Schenectady, Troy ",
2021-02-25 04:19:59,Unavailable,Unavailable,Unavailable,Unavailable,"Available**Washington Avenue Armory - Albany, Schenectady, Troy ",
2021-02-25 04:15:05,Unavailable,Unavailable,Unavailable,Unavailable,"Available**Washington Avenue Armory - Albany, Schenectady, Troy ",
2021-02-25 04:10:02,Unavailable,Unavailable,Unavailable,Unavailable,"Available**Washington Avenue Armory - Albany, Schenectady, Troy ",
2021-02-25 04:04:58,Unavailable,Unavailable,Unavailable,Unavailable,"Available**Washington Avenue Armory - Albany, Schenectady, Troy ",
2021-02-25 03:59:56,Unavailable,Unavailable,Unavailable,Unavailable,"Available**Washington Avenue Armory - Albany, Schenectady, Troy ",
2021-02-25 03:54:58,Unavailable,Unavailable,Unavailable,Unavailable,"Available**Washington Avenue Armory - Albany, Schenectady, Troy ",
2021-02-25 03:50:02,Unavailable,Unavailable,Unavailable,Unavailable,"Available**Washington Avenue Armory - Albany, Schenectady, Troy ",
2021-02-25 03:45:04,Unavailable,Unavailable,Unavailable,Unavailable,"Available**Washington Avenue Armory - Albany, Schenectady, Troy ",
2021-02-25 03:40:01,Unavailable,Unavailable,Unavailable,Unavailable,"Available**Washington Avenue Armory - Albany, Schenectady, Troy ",
2021-02-25 03:35:03,Unavailable,Unavailable,Unavailable,Unavailable,"Available**Washington Avenue Armory - Albany, Schenectady, Troy ",
2021-02-25 03:30:09,Unavailable,Unavailable,Unavailable,Unavailable,"Available**Washington Avenue Armory - Albany, Schenectady, Troy ",
2021-02-25 03:25:04,Unavailable,Unavailable,Unavailable,Unavailable,"Available**Washington Avenue Armory - Albany, Schenectady, Troy ",
2021-02-25 03:20:00,Unavailable,Unavailable,Unavailable,Unavailable,"Available**Washington Avenue Armory - Albany, Schenectady, Troy ",
2021-02-25 03:15:03,Unavailable,Unavailable,Unavailable,Unavailable,"Available**Washington Avenue Armory - Albany, Schenectady, Troy ",
2021-02-25 03:10:01,Unavailable,Unavailable,Unavailable,Unavailable,"Available**Washington Avenue Armory - Albany, Schenectady, Troy ",
2021-02-25 03:04:58,Unavailable,Unavailable,Unavailable,Unavailable,"Available**Washington Avenue Armory - Albany, Schenectady, Troy ",
2021-02-25 03:00:00,Unavailable,Unavailable,Unavailable,Available,"Available**Washington Avenue Armory - Albany, Schenectady, Troy ",
2021-02-25 02:55:01,Unavailable,Unavailable,Unavailable,Available,"Available**Washington Avenue Armory - Albany, Schenectady, Troy ",
2021-02-25 02:50:05,Unavailable,Unavailable,Unavailable,Available,"Available**Washington Avenue Armory - Albany, Schenectady, Troy ",
2021-02-25 02:44:58,Unavailable,Unavailable,Unavailable,Available,"Available**Washington Avenue Armory - Albany, Schenectady, Troy ",
2021-02-25 02:40:03,Unavailable,Unavailable,Unavailable,Unavailable,"Available**Washington Avenue Armory - Albany, Schenectady, Troy ",
2021-02-25 02:35:00,Unavailable,Unavailable,Unavailable,Unavailable,"Available**Washington Avenue Armory - Albany, Schenectady, Troy ",
2021-02-25 02:30:04,Unavailable,Unavailable,Unavailable,Unavailable,"Available**Washington Avenue Armory - Albany, Schenectady, Troy ",
2021-02-25 02:25:04,Unavailable,Unavailable,Unavailable,Unavailable,"Available**Washington Avenue Armory - Albany, Schenectady, Troy ",
2021-02-25 02:20:01,Unavailable,Unavailable,Unavailable,Unavailable,"Available**Washington Avenue Armory - Albany, Schenectady, Troy ",
2021-02-25 02:15:02,Unavailable,Unavailable,Unavailable,Unavailable,"Available**Washington Avenue Armory - Albany, Schenectady, Troy ",
2021-02-25 02:10:03,Unavailable,Unavailable,Unavailable,Unavailable,"Available**Washington Avenue Armory - Albany, Schenectady, Troy ",
2021-02-25 02:05:02,Unavailable,Unavailable,Unavailable,Unavailable,"Available**Washington Avenue Armory - Albany, Schenectady, Troy ",
2021-02-25 02:00:04,Unavailable,Unavailable,Unavailable,Unavailable,"Available**Washington Avenue Armory - Albany, Schenectady, Troy ",
2021-02-25 01:54:58,Unavailable,Unavailable,Unavailable,Unavailable,"Available**Washington Avenue Armory - Albany, Schenectady, Troy ",
2021-02-25 01:49:58,Unavailable,Unavailable,Unavailable,Unavailable,"Available**Washington Avenue Armory - Albany, Schenectady, Troy ",
2021-02-25 01:45:04,Unavailable,Unavailable,Unavailable,Unavailable,"Available**Washington Avenue Armory - Albany, Schenectady, Troy ",
2021-02-25 01:40:06,Unavailable,Unavailable,Unavailable,Unavailable,"Available**Washington Avenue Armory - Albany, Schenectady, Troy ",
2021-02-25 01:35:02,Unavailable,Unavailable,Unavailable,Unavailable,"Available**Washington Avenue Armory - Albany, Schenectady, Troy ",
2021-02-25 01:30:02,Unavailable,Unavailable,Unavailable,Unavailable,"Available**Washington Avenue Armory - Albany, Schenectady, Troy ",
2021-02-25 01:25:09,Unavailable,Unavailable,Unavailable,Unavailable,"Available**Washington Avenue Armory - Albany, Schenectady, Troy ",
2021-02-25 01:20:01,Unavailable,Unavailable,Unavailable,Unavailable,"Available**Washington Avenue Armory - Albany, Schenectady, Troy ",
2021-02-25 01:15:01,Unavailable,Unavailable,Unavailable,Unavailable,"Available**Washington Avenue Armory - Albany, Schenectady, Troy ",
2021-02-25 01:09:59,Unavailable,Unavailable,Unavailable,Unavailable,"Available**Washington Avenue Armory - Albany, Schenectady, Troy ",
2021-02-25 01:04:59,Unavailable,Unavailable,Unavailable,Unavailable,"Available**Washington Avenue Armory - Albany, Schenectady, Troy ",
2021-02-25 00:59:57,Unavailable,Unavailable,Unavailable,Unavailable,"Available**Washington Avenue Armory - Albany, Schenectady, Troy ",
2021-02-25 00:55:00,Unavailable,Unavailable,Unavailable,Unavailable,"Available**Washington Avenue Armory - Albany, Schenectady, Troy ",
2021-02-25 00:44:57,Unavailable,Unavailable,Unavailable,Unavailable,"Available**Washington Avenue Armory - Albany, Schenectady, Troy ",
2021-02-25 00:40:14,Unavailable,Unavailable,Unavailable,Unavailable,"Available**Washington Avenue Armory - Albany, Schenectady, Troy ",
2021-02-25 00:35:00,Unavailable,Unavailable,Unavailable,Unavailable,"Available**Washington Avenue Armory - Albany, Schenectady, Troy ",
2021-02-25 00:30:03,Unavailable,Unavailable,Unavailable,Unavailable,"Available**Washington Avenue Armory - Albany, Schenectady, Troy ",
2021-02-25 00:25:09,Unavailable,Unavailable,Unavailable,Unavailable,"Available**Washington Avenue Armory - Albany, Schenectady, Troy ",
2021-02-25 00:20:03,Unavailable,Unavailable,Unavailable,Unavailable,"Available**Washington Avenue Armory - Albany, Schenectady, Troy ",
2021-02-25 00:14:59,Unavailable,Unavailable,Unavailable,Unavailable,"Available**Washington Avenue Armory - Albany, Schenectady, Troy ",
2021-02-25 00:10:06,Unavailable,Unavailable,Unavailable,Unavailable,"Available**Washington Avenue Armory - Albany, Schenectady, Troy ",
2021-02-25 00:05:01,Unavailable,Available Schenectady(3),Unavailable,Unavailable,"Available**Washington Avenue Armory - Albany, Schenectady, Troy ",
2021-02-24 23:59:59,Unavailable,Unavailable,Unavailable,Unavailable,"Available**Washington Avenue Armory - Albany, Schenectady, Troy ",
2021-02-24 23:55:03,Unavailable,Unavailable,Unavailable,Unavailable,"Available**Washington Avenue Armory - Albany, Schenectady, Troy ",
2021-02-24 23:49:58,Unavailable,Unavailable,Unavailable,Unavailable,"Available**Washington Avenue Armory - Albany, Schenectady, Troy ",
2021-02-24 23:45:04,Unavailable,Unavailable,Unavailable,Unavailable,"Available**Washington Avenue Armory - Albany, Schenectady, Troy ",
2021-02-24 23:40:00,Unavailable,Unavailable,Unavailable,Unavailable,"Available**Washington Avenue Armory - Albany, Schenectady, Troy ",
2021-02-24 23:35:02,Unavailable,Unavailable,Unavailable,Unavailable,"Available**Washington Avenue Armory - Albany, Schenectady, Troy ",
2021-02-24 23:30:01,Unavailable,Unavailable,Unavailable,Unavailable,"Available**Washington Avenue Armory - Albany, Schenectady, Troy ",
2021-02-24 23:24:58,Unavailable,Unavailable,Unavailable,Unavailable,"Available**Washington Avenue Armory - Albany, Schenectady, Troy ",
2021-02-24 23:23:29,Unavailable,Unavailable,Unavailable,Unavailable,"Available**Washington Avenue Armory - Albany, Schenectady, Troy ",
2021-02-24 23:10:03,Unavailable,Unavailable,Unavailable,Unavailable,"Available**Washington Avenue Armory - Albany, Schenectady, Troy ",
2021-02-24 23:05:03,Unavailable,Unavailable,Unavailable,Unavailable,"Available**Washington Avenue Armory - Albany, Schenectady, Troy ",
2021-02-24 22:59:58,Unavailable,Unavailable,Unavailable,Unavailable,"Available**Washington Avenue Armory - Albany, Schenectady, Troy ",
2021-02-24 22:55:03,Unavailable,Unavailable,Unavailable,Unavailable,"Available**Washington Avenue Armory - Albany, Schenectady, Troy ",
2021-02-24 22:49:59,Unavailable,Unavailable,Unavailable,Unavailable,"Available**Washington Avenue Armory - Albany, Schenectady, Troy ",
2021-02-24 22:44:57,Unavailable,Unavailable,Unavailable,Unavailable,"Available**Washington Avenue Armory - Albany, Schenectady, Troy ",
2021-02-24 22:39:58,Unavailable,Unavailable,Unavailable,Unavailable,"Available**Washington Avenue Armory - Albany, Schenectady, Troy ",
2021-02-24 22:35:01,Unavailable,Unavailable,Unavailable,Unavailable,"Available**Washington Avenue Armory - Albany, Schenectady, Troy ",
2021-02-24 22:29:57,Unavailable,Unavailable,Unavailable,Unavailable,"Available**Washington Avenue Armory - Albany, Schenectady, Troy ",
2021-02-24 22:25:01,Unavailable,Unavailable,Unavailable,Unavailable,"Available**Washington Avenue Armory - Albany, Schenectady, Troy ",
2021-02-24 22:19:58,Unavailable,Unavailable,Unavailable,Unavailable,"Available**Washington Avenue Armory - Albany, Schenectady, Troy ",
2021-02-24 22:15:01,Unavailable,Unavailable,Unavailable,Unavailable,"Available**Washington Avenue Armory - Albany, Schenectady, Troy ",
2021-02-24 22:11:46,Unavailable,Unavailable,Unavailable,Unavailable,"Available**Washington Avenue Armory - Albany, Schenectady, Troy ",
2021-02-24 22:09:56,Unavailable,Unavailable,Unavailable,Unavailable,"Available**Washington Avenue Armory - Albany, Schenectady, Troy ",
2021-02-24 22:05:00,Unavailable,Unavailable,Unavailable,Unavailable,"Available**Washington Avenue Armory - Albany, Schenectady, Troy ",
2021-02-24 22:00:00,Unavailable,Unavailable,Unavailable,Unavailable,"Available**Washington Avenue Armory - Albany, Schenectady, Troy ",
2021-02-24 21:54:57,Unavailable,Unavailable,Unavailable,Unavailable,"Available**Washington Avenue Armory - Albany, Schenectady, Troy ",
2021-02-24 21:49:57,Unavailable,Unavailable,Unavailable,Unavailable,"Available**Washington Avenue Armory - Albany, Schenectady, Troy ",
2021-02-24 21:44:58,Unavailable,Unavailable,Unavailable,Unavailable,"Available**Washington Avenue Armory - Albany, Schenectady, Troy ",
2021-02-24 21:40:00,Unavailable,Unavailable,Unavailable,Unavailable,"Available**Washington Avenue Armory - Albany, Schenectady, Troy ",
2021-02-24 21:34:59,Unavailable,Unavailable,Unavailable,Unavailable,"Available**Washington Avenue Armory - Albany, Schenectady, Troy ",
2021-02-24 21:29:58,Unavailable,Unavailable,Unavailable,Unavailable,"Available**Washington Avenue Armory - Albany, Schenectady, Troy ",
2021-02-24 21:24:57,Unavailable,Unavailable,Unavailable,Unavailable,"Available**Washington Avenue Armory - Albany, Schenectady, Troy ",
2021-02-24 21:20:01,Unavailable,Unavailable,Unavailable,Unavailable,"Available**Washington Avenue Armory - Albany, Schenectady, Troy ",
2021-02-24 21:15:00,Unavailable,Unavailable,Unavailable,Unavailable,"Available**Washington Avenue Armory - Albany, Schenectady, Troy ",
2021-02-24 21:10:01,Unavailable,Unavailable,Unavailable,Unavailable,"Available**Washington Avenue Armory - Albany, Schenectady, Troy ",
2021-02-24 21:04:55,Unavailable,Unavailable,Unavailable,Unavailable,"Available**Washington Avenue Armory - Albany, Schenectady, Troy ",
2021-02-24 21:00:04,Unavailable,Unavailable,Unavailable,Unavailable,"Available**Washington Avenue Armory - Albany, Schenectady, Troy ",
2021-02-24 20:54:58,Unavailable,Unavailable,Unavailable,Unavailable,"Available**Washington Avenue Armory - Albany, Schenectady, Troy ",
2021-02-24 20:49:58,Unavailable,Unavailable,Unavailable,Unavailable,"Available**Washington Avenue Armory - Albany, Schenectady, Troy ",
2021-02-24 20:44:55,Unavailable,Unavailable,Unavailable,Unavailable,"Available**Washington Avenue Armory - Albany, Schenectady, Troy ",
2021-02-24 20:39:59,Unavailable,Unavailable,Unavailable,Unavailable,"Available**Washington Avenue Armory - Albany, Schenectady, Troy ",
2021-02-24 20:35:02,Unavailable,Unavailable,Unavailable,Unavailable,"Available**Washington Avenue Armory - Albany, Schenectady, Troy ",
2021-02-24 20:30:02,Unavailable,Unavailable,Unavailable,Unavailable,"Available**Washington Avenue Armory - Albany, Schenectady, Troy ",
2021-02-24 20:25:00,Unavailable,Unavailable,Unavailable,Unavailable,"Available**Washington Avenue Armory - Albany, Schenectady, Troy ",
2021-02-24 20:19:59,Unavailable,Unavailable,Unavailable,Unavailable,"Available**Washington Avenue Armory - Albany, Schenectady, Troy ",
2021-02-24 20:14:59,Unavailable,Unavailable,Unavailable,Unavailable,"Available**Washington Avenue Armory - Albany, Schenectady, Troy ",
2021-02-24 20:09:59,Unavailable,Unavailable,Unavailable,Unavailable,"Available**Washington Avenue Armory - Albany, Schenectady, Troy ",
2021-02-24 20:05:01,Unavailable,Unavailable,Unavailable,Unavailable,"Available**Washington Avenue Armory - Albany, Schenectady, Troy ",
2021-02-24 19:59:57,Unavailable,Unavailable,Unavailable,Unavailable,"Available**Washington Avenue Armory - Albany, Schenectady, Troy ",
2021-02-24 19:55:00,Unavailable,Unavailable,Unavailable,Unavailable,"Available**Washington Avenue Armory - Albany, Schenectady, Troy ",
2021-02-24 19:50:00,Unavailable,Unavailable,Unavailable,Unavailable,"Available**Washington Avenue Armory - Albany, Schenectady, Troy ",
2021-02-24 19:44:56,Unavailable,Unavailable,Unavailable,Unavailable,"Available**Washington Avenue Armory - Albany, Schenectady, Troy ",
2021-02-24 19:39:58,Unavailable,Unavailable,Unavailable,Unavailable,"Available**Washington Avenue Armory - Albany, Schenectady, Troy ",
2021-02-24 19:34:56,Unavailable,Unavailable,Unavailable,Unavailable,"Available**Washington Avenue Armory - Albany, Schenectady, Troy ",
2021-02-24 19:29:58,Unavailable,Unavailable,Unavailable,Unavailable,"Available**Washington Avenue Armory - Albany, Schenectady, Troy ",
2021-02-24 19:24:56,Unavailable,Unavailable,Unavailable,Unavailable,"Available**Washington Avenue Armory - Albany, Schenectady, Troy ",
2021-02-24 19:19:56,Unavailable,Unavailable,Unavailable,Unavailable,"Available**Washington Avenue Armory - Albany, Schenectady, Troy ",
2021-02-24 19:14:59,Unavailable,Unavailable,Unavailable,Unavailable,"Available**Washington Avenue Armory - Albany, Schenectady, Troy ",
2021-02-24 19:10:01,Unavailable,Unavailable,Unavailable,Unavailable,"Available**Washington Avenue Armory - Albany, Schenectady, Troy ",
2021-02-24 19:04:58,Unavailable,Unavailable,Unavailable,Unavailable,"Available**Washington Avenue Armory - Albany, Schenectady, Troy ",
2021-02-24 18:59:57,Unavailable,Unavailable,Unavailable,Unavailable,"Available**Washington Avenue Armory - Albany, Schenectady, Troy ",
2021-02-24 18:55:01,Unavailable,Unavailable,Unavailable,Unavailable,"Available**Washington Avenue Armory - Albany, Schenectady, Troy ",
2021-02-24 18:49:58,Unavailable,Unavailable,Unavailable,Unavailable,"Available**Washington Avenue Armory - Albany, Schenectady, Troy ",
2021-02-24 18:45:02,Unavailable,Unavailable,Unavailable,Unavailable,"Available**Washington Avenue Armory - Albany, Schenectady, Troy ",
2021-02-24 18:40:00,Unavailable,Unavailable,Unavailable,Unavailable,"Available**Washington Avenue Armory - Albany, Schenectady, Troy ",
2021-02-24 18:34:55,Unavailable,Unavailable,Unavailable,Unavailable,"Available**Washington Avenue Armory - Albany, Schenectady, Troy ",
2021-02-24 18:29:59,Unavailable,Unavailable,Unavailable,Unavailable,"Available**Washington Avenue Armory - Albany, Schenectady, Troy ",
2021-02-24 18:24:56,Unavailable,Unavailable,Unavailable,Unavailable,"Available**Washington Avenue Armory - Albany, Schenectady, Troy ",
2021-02-24 18:20:01,Unavailable,Unavailable,Unavailable,Unavailable,"Available**Washington Avenue Armory - Albany, Schenectady, Troy ",
2021-02-24 18:15:03,Unavailable,Unavailable,Unavailable,Unavailable,"Available**Washington Avenue Armory - Albany, Schenectady, Troy ",
2021-02-24 18:09:57,Unavailable,Unavailable,Unavailable,Unavailable,"Available**Washington Avenue Armory - Albany, Schenectady, Troy ",
2021-02-24 18:04:58,Unavailable,Unavailable,Unavailable,Unavailable,"Available**Washington Avenue Armory - Albany, Schenectady, Troy ",
2021-02-24 17:59:57,Unavailable,Unavailable,Unavailable,Unavailable,"Available**Washington Avenue Armory - Albany, Schenectady, Troy ",
2021-02-24 17:55:03,Unavailable,Unavailable,Unavailable,Unavailable,"Available**Washington Avenue Armory - Albany, Schenectady, Troy ",
2021-02-24 17:50:00,Unavailable,Unavailable,Unavailable,Unavailable,"Available**Washington Avenue Armory - Albany, Schenectady, Troy ",
2021-02-24 17:45:04,Unavailable,Unavailable,Unavailable,Unavailable,"Available**Washington Avenue Armory - Albany, Schenectady, Troy ",
2021-02-24 17:40:02,Unavailable,Unavailable,Unavailable,Unavailable,"Available**Washington Avenue Armory - Albany, Schenectady, Troy ",
2021-02-24 17:35:03,Unavailable,Unavailable,Unavailable,Unavailable,"Available**Washington Avenue Armory - Albany, Schenectady, Troy ",
2021-02-24 17:29:59,Unavailable,Unavailable,Unavailable,Unavailable,"Available**Washington Avenue Armory - Albany, Schenectady, Troy ",
2021-02-24 17:25:00,Unavailable,Unavailable,Unavailable,Unavailable,"Available**Washington Avenue Armory - Albany, Schenectady, Troy ",
2021-02-24 17:20:13,Unavailable,Unavailable,Unavailable,Unavailable,"Available**Washington Avenue Armory - Albany, Schenectady, Troy ",
2021-02-24 17:15:02,Unavailable,Unavailable,Unavailable,Unavailable,"Available**Washington Avenue Armory - Albany, Schenectady, Troy ",
2021-02-24 17:10:02,Unavailable,Unavailable,Unavailable,Unavailable,"Available**Washington Avenue Armory - Albany, Schenectady, Troy ",
2021-02-24 17:04:56,Unavailable,Unavailable,Unavailable,Unavailable,"Available**Washington Avenue Armory - Albany, Schenectady, Troy ",
2021-02-24 16:59:58,Unavailable,Unavailable,Unavailable,Unavailable,"Available**Washington Avenue Armory - Albany, Schenectady, Troy ",
2021-02-24 16:54:59,Unavailable,Unavailable,Unavailable,Unavailable,"Available**Washington Avenue Armory - Albany, Schenectady, Troy ",
2021-02-24 16:49:59,Unavailable,Unavailable,Unavailable,Unavailable,"Available**Washington Avenue Armory - Albany, Schenectady, Troy ",
2021-02-24 16:44:59,Unavailable,Unavailable,Unavailable,Unavailable,"Available**Washington Avenue Armory - Albany, Schenectady, Troy ",
2021-02-24 16:39:56,Unavailable,Unavailable,Unavailable,Unavailable,"Available**Washington Avenue Armory - Albany, Schenectady, Troy ",
2021-02-24 16:35:01,Unavailable,Unavailable,Unavailable,Unavailable,"Available**Washington Avenue Armory - Albany, Schenectady, Troy ",
2021-02-24 16:29:57,Unavailable,Unavailable,Unavailable,Unavailable,"Available**Washington Avenue Armory - Albany, Schenectady, Troy ",
2021-02-24 16:24:58,Unavailable,Unavailable,Unavailable,Unavailable,"Available**Washington Avenue Armory - Albany, Schenectady, Troy ",
2021-02-24 16:20:02,Unavailable,Unavailable,Unavailable,Unavailable,"Available**Washington Avenue Armory - Albany, Schenectady, Troy ",
2021-02-24 16:14:57,Unavailable,Unavailable,Unavailable,Unavailable,"Available**Washington Avenue Armory - Albany, Schenectady, Troy ",
2021-02-24 16:09:59,Unavailable,Unavailable,Unavailable,Unavailable,"Available**Washington Avenue Armory - Albany, Schenectady, Troy ",
2021-02-24 16:04:59,Unavailable,Unavailable,Unavailable,Unavailable,"Available**Washington Avenue Armory - Albany, Schenectady, Troy ",
2021-02-24 15:59:56,Unavailable,Unavailable,Unavailable,Unavailable,"Available**Washington Avenue Armory - Albany, Schenectady, Troy ",
2021-02-24 15:54:56,Unavailable,Unavailable,Unavailable,Unavailable,"Available**Washington Avenue Armory - Albany, Schenectady, Troy ",
2021-02-24 15:49:57,Unavailable,Unavailable,Unavailable,Unavailable,"Available**Washington Avenue Armory - Albany, Schenectady, Troy ",
2021-02-24 15:44:56,Unavailable,Unavailable,Unavailable,Unavailable,"Available**Washington Avenue Armory - Albany, Schenectady, Troy ",
2021-02-24 15:39:59,Unavailable,Unavailable,Unavailable,Unavailable,"Available**Washington Avenue Armory - Albany, Schenectady, Troy ",
2021-02-24 15:34:59,Unavailable,Unavailable,Unavailable,Unavailable,"Available**Washington Avenue Armory - Albany, Schenectady, Troy ",
2021-02-24 15:29:59,Unavailable,Unavailable,Unavailable,Unavailable,"Available**Washington Avenue Armory - Albany, Schenectady, Troy ",
2021-02-24 15:24:57,Unavailable,Unavailable,Unavailable,Unavailable,"Available**Washington Avenue Armory - Albany, Schenectady, Troy ",
2021-02-24 15:20:01,Unavailable,Unavailable,Unavailable,Unavailable,"Available**Washington Avenue Armory - Albany, Schenectady, Troy ",
2021-02-24 15:14:59,Unavailable,Unavailable,Unavailable,Unavailable,"Available**Washington Avenue Armory - Albany, Schenectady, Troy ",
2021-02-24 15:10:00,Unavailable,Unavailable,Unavailable,Unavailable,"Available**Washington Avenue Armory - Albany, Schenectady, Troy ",
2021-02-24 15:04:58,Unavailable,Unavailable,Unavailable,Unavailable,"Available**Washington Avenue Armory - Albany, Schenectady, Troy ",
2021-02-24 14:59:58,Unavailable,Unavailable,Unavailable,Unavailable,"Available**Washington Avenue Armory - Albany, Schenectady, Troy ",
2021-02-24 14:54:57,Unavailable,Unavailable,Unavailable,Unavailable,"Available**Washington Avenue Armory - Albany, Schenectady, Troy ",
2021-02-24 14:50:00,Unavailable,Unavailable,Unavailable,Available,"Available**Washington Avenue Armory - Albany, Schenectady, Troy ",
2021-02-24 14:44:59,Unavailable,Unavailable,Unavailable,Unavailable,"Available**Washington Avenue Armory - Albany, Schenectady, Troy ",
2021-02-24 14:40:05,Unavailable,Unavailable,Unavailable,Unavailable,"Available**Washington Avenue Armory - Albany, Schenectady, Troy ",
2021-02-24 14:35:04,Unavailable,Unavailable,Unavailable,Available,"Available**Washington Avenue Armory - Albany, Schenectady, Troy ",
2021-02-24 14:29:59,Unavailable,Unavailable,Unavailable,Unavailable,"Available**Washington Avenue Armory - Albany, Schenectady, Troy ",
2021-02-24 14:24:56,Unavailable,Unavailable,Unavailable,Unavailable,"Available**Washington Avenue Armory - Albany, Schenectady, Troy ",
2021-02-24 14:19:57,Unavailable,Unavailable,Unavailable,Unavailable,"Available**Washington Avenue Armory - Albany, Schenectady, Troy ",
2021-02-24 14:15:03,Unavailable,Unavailable,Unavailable,Available,"Available**Washington Avenue Armory - Albany, Schenectady, Troy ",
2021-02-24 14:09:58,Unavailable,Unavailable,Unavailable,Unavailable,"Available**Washington Avenue Armory - Albany, Schenectady, Troy ",
2021-02-24 14:04:58,Unavailable,Unavailable,Unavailable,Unavailable,"Available**Washington Avenue Armory - Albany, Schenectady, Troy ",
2021-02-24 14:00:01,Unavailable,Unavailable,Unavailable,Unavailable,"Available**Washington Avenue Armory - Albany, Schenectady, Troy ",
2021-02-24 13:54:57,Unavailable,Unavailable,Unavailable,Unavailable,"Available**Washington Avenue Armory - Albany, Schenectady, Troy ",
2021-02-24 13:49:58,Unavailable,Unavailable,Unavailable,Unavailable,"Available**Washington Avenue Armory - Albany, Schenectady, Troy ",
2021-02-24 13:45:02,Unavailable,Unavailable,Unavailable,Unavailable,"Available**Washington Avenue Armory - Albany, Schenectady, Troy ",
2021-02-24 13:40:02,Unavailable,Unavailable,Unavailable,Unavailable,"Available**Washington Avenue Armory - Albany, Schenectady, Troy ",
2021-02-24 13:34:58,Unavailable,Unavailable,Unavailable,Unavailable,"Available**Washington Avenue Armory - Albany, Schenectady, Troy ",
2021-02-24 13:29:58,Unavailable,Unavailable,Unavailable,Unavailable,"Available**Washington Avenue Armory - Albany, Schenectady, Troy ",
2021-02-24 13:24:58,Unavailable,Unavailable,Unavailable,Unavailable,"Available**Washington Avenue Armory - Albany, Schenectady, Troy ",
2021-02-24 13:19:57,Unavailable,Unavailable,Unavailable,Unavailable,"Available**Washington Avenue Armory - Albany, Schenectady, Troy ",
2021-02-24 13:14:57,Unavailable,Unavailable,Unavailable,Available,"Available**Washington Avenue Armory - Albany, Schenectady, Troy ",
2021-02-24 13:10:00,Unavailable,Unavailable,Unavailable,Unavailable,"Available**Washington Avenue Armory - Albany, Schenectady, Troy ",
2021-02-24 13:05:06,Unavailable,Unavailable,Unavailable,Unavailable,"Available**Washington Avenue Armory - Albany, Schenectady, Troy ",
2021-02-24 13:00:00,Unavailable,Unavailable,Unavailable,Unavailable,"Available**Washington Avenue Armory - Albany, Schenectady, Troy ",
2021-02-24 12:54:59,Unavailable,Unavailable,Unavailable,Unavailable,"Available**Washington Avenue Armory - Albany, Schenectady, Troy ",
2021-02-24 12:50:01,Unavailable,Unavailable,Unavailable,Unavailable,"Available**Washington Avenue Armory - Albany, Schenectady, Troy ",
2021-02-24 12:45:02,Unavailable,Unavailable,Unavailable,Unavailable,"Available**Washington Avenue Armory - Albany, Schenectady, Troy ",
2021-02-24 12:39:58,Unavailable,Unavailable,Unavailable,Unavailable,"Available**Washington Avenue Armory - Albany, Schenectady, Troy ",
2021-02-24 12:34:57,Unavailable,Unavailable,Unavailable,Unavailable,"Available**Washington Avenue Armory - Albany, Schenectady, Troy ",
2021-02-24 12:29:56,Unavailable,Unavailable,Unavailable,Unavailable,"Available**Washington Avenue Armory - Albany, Schenectady, Troy ",
2021-02-24 12:25:03,Unavailable,Unavailable,Unavailable,Unavailable,"Available**Washington Avenue Armory - Albany, Schenectady, Troy ",
2021-02-24 12:19:58,Unavailable,Unavailable,Unavailable,Unavailable,"Available**Washington Avenue Armory - Albany, Schenectady, Troy ",
2021-02-24 12:15:02,Unavailable,Unavailable,Unavailable,Unavailable,"Available**Washington Avenue Armory - Albany, Schenectady, Troy ",
2021-02-24 12:09:58,Unavailable,Unavailable,Unavailable,Unavailable,"Available**Washington Avenue Armory - Albany, Schenectady, Troy ",
2021-02-24 12:04:59,Unavailable,Unavailable,Unavailable,Unavailable,"Available**Washington Avenue Armory - Albany, Schenectady, Troy ",
2021-02-24 11:59:58,Unavailable,Unavailable,Unavailable,Unavailable,"Available**Washington Avenue Armory - Albany, Schenectady, Troy ",
2021-02-24 11:54:59,Unavailable,Unavailable,Unavailable,Unavailable,"Available**Washington Avenue Armory - Albany, Schenectady, Troy ",
2021-02-24 11:50:05,Unavailable,Unavailable,Unavailable,Unavailable,"Available**Washington Avenue Armory - Albany, Schenectady, Troy ",
2021-02-24 11:44:59,Unavailable,Unavailable,Unavailable,Unavailable,"Available**Washington Avenue Armory - Albany, Schenectady, Troy ",
2021-02-24 11:39:59,Unavailable,Unavailable,Unavailable,Unavailable,"Available**Washington Avenue Armory - Albany, Schenectady, Troy ",
2021-02-24 11:35:02,Unavailable,Unavailable,Unavailable,Unavailable,"Available**Washington Avenue Armory - Albany, Schenectady, Troy ",
2021-02-24 11:30:00,Unavailable,Unavailable,Unavailable,Unavailable,"Available**Washington Avenue Armory - Albany, Schenectady, Troy ",
2021-02-24 11:25:00,Unavailable,Unavailable,Unavailable,Unavailable,"Available**Washington Avenue Armory - Albany, Schenectady, Troy ",
2021-02-24 11:19:58,Unavailable,Unavailable,Unavailable,Unavailable,"Available**Washington Avenue Armory - Albany, Schenectady, Troy ",
2021-02-24 11:14:59,Unavailable,Unavailable,Unavailable,Unavailable,"Available**Washington Avenue Armory - Albany, Schenectady, Troy ",
2021-02-24 11:10:15,Unavailable,Unavailable,Unavailable,Unavailable,"Available**Washington Avenue Armory - Albany, Schenectady, Troy ",
2021-02-24 11:05:09,Unavailable,Unavailable,Unavailable,Available,"Available**Washington Avenue Armory - Albany, Schenectady, Troy ",
2021-02-24 11:00:06,Unavailable,Unavailable,Unavailable,Unavailable,"Available**Washington Avenue Armory - Albany, Schenectady, Troy ",
2021-02-24 10:55:01,Unavailable,Unavailable,Unavailable,Unavailable,"Available**Washington Avenue Armory - Albany, Schenectady, Troy ",
2021-02-24 10:49:56,Unavailable,Unavailable,Unavailable,Unavailable,"Available**Washington Avenue Armory - Albany, Schenectady, Troy ",
2021-02-24 10:45:00,Unavailable,Unavailable,Unavailable,Unavailable,"Available**Washington Avenue Armory - Albany, Schenectady, Troy ",
2021-02-24 10:40:02,Unavailable,Unavailable,Unavailable,Unavailable,"Available**Washington Avenue Armory - Albany, Schenectady, Troy ",
2021-02-24 10:35:00,Unavailable,Unavailable,Unavailable,Unavailable,"Available**Washington Avenue Armory - Albany, Schenectady, Troy ",
2021-02-24 10:29:59,Unavailable,Unavailable,Unavailable,Unavailable,"Available**Washington Avenue Armory - Albany, Schenectady, Troy ",
2021-02-24 10:25:00,Unavailable,Unavailable,Unavailable,Unavailable,"Available**Washington Avenue Armory - Albany, Schenectady, Troy ",
2021-02-24 10:20:04,Unavailable,Unavailable,Unavailable,Unavailable,"Available**Washington Avenue Armory - Albany, Schenectady, Troy ",
2021-02-24 10:14:59,Unavailable,Available Schenectady(1),Unavailable,Available,"Available**Washington Avenue Armory - Albany, Schenectady, Troy ",
2021-02-24 10:09:59,Unavailable,Unavailable,Unavailable,Unavailable,"Available**Washington Avenue Armory - Albany, Schenectady, Troy ",
2021-02-24 10:04:59,Unavailable,Unavailable,Unavailable,Unavailable,"Available**Washington Avenue Armory - Albany, Schenectady, Troy ",
2021-02-24 09:59:58,Unavailable,Unavailable,Unavailable,Unavailable,"Available**Washington Avenue Armory - Albany, Schenectady, Troy ",
2021-02-24 09:54:57,Unavailable,Unavailable,Unavailable,Unavailable,"Available**Washington Avenue Armory - Albany, Schenectady, Troy ",
2021-02-24 09:50:03,Unavailable,Unavailable,Unavailable,Available,"Available**Washington Avenue Armory - Albany, Schenectady, Troy ",
2021-02-24 09:45:00,Unavailable,Unavailable,Unavailable,Unavailable,"Available**Washington Avenue Armory - Albany, Schenectady, Troy ",
2021-02-24 09:40:03,Unavailable,Unavailable,Unavailable,Unavailable,"Available**Washington Avenue Armory - Albany, Schenectady, Troy ",
2021-02-24 09:35:03,Unavailable,Unavailable,Unavailable,Unavailable,"Available**Washington Avenue Armory - Albany, Schenectady, Troy ",
2021-02-24 09:30:02,Unavailable,Unavailable,Unavailable,Unavailable,"Available**Washington Avenue Armory - Albany, Schenectady, Troy ",
2021-02-24 09:25:00,Unavailable,Unavailable,Unavailable,Unavailable,"Available**Washington Avenue Armory - Albany, Schenectady, Troy ",
2021-02-24 09:20:03,Unavailable,Unavailable,Unavailable,Unavailable,"Available**Washington Avenue Armory - Albany, Schenectady, Troy ",
2021-02-24 09:15:03,Unavailable,Unavailable,Unavailable,Unavailable,"Available**Washington Avenue Armory - Albany, Schenectady, Troy ",
2021-02-24 09:13:22,Unavailable,Unavailable,Unavailable,Unavailable,"Available**Washington Avenue Armory - Albany, Schenectady, Troy ",
2021-02-24 09:09:55,Unavailable,Unavailable,Unavailable,Unavailable,"Available**Washington Avenue Armory - Albany, Schenectady, Troy ",
2021-02-24 09:04:56,Unavailable,Unavailable,Unavailable,Unavailable,"Available**Washington Avenue Armory - Albany, Schenectady, Troy ",
2021-02-24 09:03:05,Unavailable,Unavailable,Unavailable,Unavailable,"Available**Washington Avenue Armory - Albany, Schenectady, Troy ",
2021-02-24 08:59:56,Unavailable,Unavailable,Unavailable,Unavailable,Unavailable,
2021-02-24 08:55:00,Unavailable,Unavailable,Unavailable,Unavailable,,
2021-02-24 08:50:00,Unavailable,Unavailable,Unavailable,Unavailable,,
2021-02-24 08:45:01,Unavailable,Unavailable,Unavailable,Unavailable,,
2021-02-24 08:40:04,Unavailable,Unavailable,Unavailable,Unavailable,,
2021-02-24 08:35:00,Unavailable,Unavailable,Unavailable,Unavailable,,
2021-02-24 08:30:01,Unavailable,Unavailable,Unavailable,Unavailable,,
2021-02-24 08:25:14,Unavailable,Unavailable,Unavailable,Unavailable,,
2021-02-24 08:19:56,Unavailable,Unavailable,Unavailable,Unavailable,,
2021-02-24 08:15:07,Unavailable,Unavailable,Unavailable,Unavailable,,
2021-02-24 08:10:11,Unavailable,Unavailable,Unavailable,Unavailable,,
2021-02-24 08:05:05,Unavailable,Unavailable,Unavailable,Unavailable,,
2021-02-24 07:59:59,Unavailable,Unavailable,Unavailable,Unavailable,,
2021-02-24 07:54:58,Unavailable,Unavailable,Unavailable,Unavailable,,
2021-02-24 07:50:01,Unavailable,Unavailable,Unavailable,Unavailable,,
2021-02-24 07:45:02,Unavailable,Unavailable,Unavailable,Unavailable,,
2021-02-24 07:40:05,Unavailable,Unavailable,Unavailable,Unavailable,,
2021-02-24 07:35:04,Unavailable,Unavailable,Unavailable,Unavailable,,
2021-02-24 07:30:06,Unavailable,Unavailable,Unavailable,Unavailable,,
2021-02-24 07:24:58,Unavailable,Unavailable,Unavailable,Unavailable,,
2021-02-24 07:20:01,Unavailable,Unavailable,Unavailable,Unavailable,,
2021-02-24 07:15:09,Unavailable,Unavailable,Unavailable,Available,,
2021-02-24 07:10:01,Unavailable,Unavailable,Unavailable,Available,,
2021-02-24 07:04:59,Unavailable,Unavailable,Unavailable,Available,,
2021-02-24 06:59:58,Unavailable,Unavailable,Unavailable,Unavailable,,
2021-02-24 06:55:01,Unavailable,Unavailable,Unavailable,Unavailable,,
2021-02-24 06:49:58,Unavailable,Unavailable,Unavailable,Unavailable,,
2021-02-24 06:45:03,Unavailable,Unavailable,Unavailable,Unavailable,,
2021-02-24 06:39:58,Unavailable,Unavailable,Unavailable,Unavailable,,
2021-02-24 06:35:04,Unavailable,Unavailable,Unavailable,Unavailable,,
2021-02-24 06:30:03,Unavailable,Unavailable,Unavailable,Unavailable,,
2021-02-24 06:25:10,Unavailable,Unavailable,Unavailable,Unavailable,,
2021-02-24 06:19:57,Unavailable,Unavailable,Unavailable,Unavailable,,
2021-02-24 06:15:04,Unavailable,Unavailable,Unavailable,Unavailable,,
2021-02-24 06:10:02,Unavailable,Unavailable,Unavailable,Unavailable,,
2021-02-24 06:05:00,Unavailable,Unavailable,Unavailable,Unavailable,,
2021-02-24 05:59:56,Unavailable,Unavailable,Unavailable,Unavailable,,
2021-02-24 05:55:00,Unavailable,Unavailable,Unavailable,Unavailable,,
2021-02-24 05:50:03,Unavailable,Unavailable,Unavailable,Unavailable,,
2021-02-24 05:45:03,Unavailable,Unavailable,Unavailable,Unavailable,,
2021-02-24 05:40:12,Unavailable,Unavailable,Unavailable,Unavailable,,
2021-02-24 05:35:02,Unavailable,Unavailable,Unavailable,Unavailable,,
2021-02-24 05:30:01,Unavailable,Unavailable,Unavailable,Unavailable,,
2021-02-24 05:25:05,Unavailable,Unavailable,Unavailable,Unavailable,,
2021-02-24 05:20:02,Unavailable,Unavailable,Unavailable,Unavailable,,
2021-02-24 05:15:00,Unavailable,Unavailable,Unavailable,Unavailable,,
2021-02-24 05:10:00,Unavailable,Unavailable,Unavailable,Unavailable,,
2021-02-24 05:05:04,Unavailable,Unavailable,Unavailable,Unavailable,,
2021-02-24 05:00:13,Unavailable,Unavailable,Unavailable,Unavailable,,
2021-02-24 04:55:04,Unavailable,Unavailable,Unavailable,Unavailable,,
2021-02-24 04:50:01,Unavailable,Unavailable,Unavailable,Unavailable,,
2021-02-24 04:44:55,Unavailable,Unavailable,Unavailable,Unavailable,,
2021-02-24 04:40:00,Unavailable,Unavailable,Unavailable,Unavailable,,
2021-02-24 04:34:56,Unavailable,Unavailable,Unavailable,Unavailable,,
2021-02-24 04:30:01,Unavailable,Unavailable,Unavailable,Unavailable,,
2021-02-24 04:25:03,Unavailable,Unavailable,Unavailable,Unavailable,,
2021-02-24 04:19:59,Unavailable,Unavailable,Unavailable,Unavailable,,
2021-02-24 04:15:03,Unavailable,Unavailable,Unavailable,Unavailable,,
2021-02-24 04:10:10,Unavailable,Unavailable,Unavailable,Unavailable,,
2021-02-24 04:04:59,Unavailable,Unavailable,Unavailable,Unavailable,,
2021-02-24 03:59:58,Unavailable,Unavailable,Unavailable,Unavailable,,
2021-02-24 03:55:01,Unavailable,Unavailable,Unavailable,Unavailable,,
2021-02-24 03:50:04,Unavailable,Unavailable,Unavailable,Unavailable,,
2021-02-24 03:45:01,Unavailable,Unavailable,Unavailable,Unavailable,,
2021-02-24 03:40:01,Unavailable,Unavailable,Unavailable,Unavailable,,
2021-02-24 03:34:58,Unavailable,Unavailable,Unavailable,Unavailable,,
2021-02-24 03:29:58,Unavailable,Unavailable,Unavailable,Unavailable,,
2021-02-24 03:24:56,Unavailable,Unavailable,Unavailable,Unavailable,,
2021-02-24 03:19:58,Unavailable,Unavailable,Unavailable,Unavailable,,
2021-02-24 03:15:04,Unavailable,Unavailable,Unavailable,Unavailable,,
2021-02-24 03:10:05,Unavailable,Unavailable,Unavailable,Unavailable,,
2021-02-24 03:05:00,Unavailable,Unavailable,Unavailable,Unavailable,,
2021-02-24 03:00:09,Unavailable,Unavailable,Unavailable,Unavailable,,
2021-02-24 02:55:03,Unavailable,Unavailable,Unavailable,Unavailable,,
2021-02-24 02:50:20,Unavailable,Unavailable,Unavailable,Unavailable,,
2021-02-24 02:44:59,Unavailable,Unavailable,Unavailable,Unavailable,,
2021-02-24 02:40:02,Unavailable,Unavailable,Unavailable,Unavailable,,
2021-02-24 02:35:00,Unavailable,Unavailable,Unavailable,Unavailable,,
2021-02-24 02:29:59,Unavailable,Unavailable,Unavailable,Unavailable,,
2021-02-24 02:25:12,Unavailable,Unavailable,Unavailable,Unavailable,,
2021-02-24 02:20:18,Unavailable,Unavailable,Unavailable,Unavailable,,
2021-02-24 02:15:12,Unavailable,Unavailable,Unavailable,Unavailable,,
2021-02-24 02:10:00,Unavailable,Unavailable,Unavailable,Unavailable,,
2021-02-24 02:05:03,Unavailable,Unavailable,Unavailable,Unavailable,,
2021-02-24 02:00:03,Unavailable,Unavailable,Unavailable,Unavailable,,
2021-02-24 01:54:57,Unavailable,Unavailable,Unavailable,Unavailable,,
2021-02-24 01:50:01,Unavailable,Unavailable,Unavailable,Unavailable,,
2021-02-24 01:45:04,Unavailable,Unavailable,Unavailable,Unavailable,,
2021-02-24 01:39:57,Unavailable,Unavailable,Unavailable,Unavailable,,
2021-02-24 01:35:01,Unavailable,Unavailable,Unavailable,Unavailable,,
2021-02-24 01:29:59,Unavailable,Unavailable,Unavailable,Unavailable,,
2021-02-24 01:25:05,Unavailable,Unavailable,Unavailable,Unavailable,,
2021-02-24 01:20:04,Unavailable,Unavailable,Unavailable,Unavailable,,
2021-02-24 01:14:59,Unavailable,Unavailable,Unavailable,Unavailable,,
2021-02-24 01:10:00,Unavailable,Unavailable,Unavailable,Unavailable,,
2021-02-24 01:04:59,Unavailable,Unavailable,Unavailable,Unavailable,,
2021-02-24 01:00:01,Unavailable,Unavailable,Unavailable,Unavailable,,
2021-02-24 00:54:57,Unavailable,Unavailable,Unavailable,Unavailable,,
2021-02-24 00:50:01,Unavailable,Unavailable,Unavailable,Unavailable,,
2021-02-24 00:44:59,Unavailable,Unavailable,Unavailable,Unavailable,,
2021-02-24 00:40:03,Unavailable,Unavailable,Unavailable,Unavailable,,
2021-02-24 00:34:55,Unavailable,Unavailable,Unavailable,Unavailable,,
2021-02-24 00:29:58,Unavailable,Unavailable,Unavailable,Unavailable,,
2021-02-24 00:24:59,Unavailable,Unavailable,Unavailable,Unavailable,,
2021-02-24 00:19:58,Unavailable,Unavailable,Unavailable,Unavailable,,
2021-02-24 00:14:58,Unavailable,Unavailable,Unavailable,Unavailable,,
2021-02-24 00:09:56,Unavailable,Unavailable,Unavailable,Unavailable,,
2021-02-24 00:05:06,Unavailable,Unavailable,Unavailable,Unavailable,,
2021-02-23 23:59:58,Unavailable,Unavailable,Unavailable,Unavailable,,
2021-02-23 23:55:00,Unavailable,Unavailable,Unavailable,Unavailable,,
2021-02-23 23:49:59,Unavailable,Unavailable,Unavailable,Unavailable,,
2021-02-23 23:45:04,Unavailable,Unavailable,Unavailable,Unavailable,,
2021-02-23 23:40:08,Unavailable,Unavailable,Unavailable,Unavailable,,
2021-02-23 23:35:03,Unavailable,Unavailable,Unavailable,Unavailable,,
2021-02-23 23:30:00,Unavailable,Unavailable,Unavailable,Unavailable,,
2021-02-23 23:25:01,Unavailable,Unavailable,Unavailable,Unavailable,,
2021-02-23 23:20:00,Unavailable,Unavailable,Unavailable,Unavailable,,
2021-02-23 23:15:02,Unavailable,Unavailable,Unavailable,Unavailable,,
2021-02-23 23:09:59,Unavailable,Unavailable,Unavailable,Unavailable,,
2021-02-23 23:05:01,Unavailable,Unavailable,Unavailable,Unavailable,,
2021-02-23 22:59:59,Unavailable,Unavailable,Unavailable,Unavailable,,
2021-02-23 22:54:58,Unavailable,Unavailable,Unavailable,Unavailable,,
2021-02-23 22:49:58,Unavailable,Unavailable,Unavailable,Unavailable,,
2021-02-23 22:45:02,Unavailable,Unavailable,Unavailable,Unavailable,,
2021-02-23 22:39:56,Unavailable,Unavailable,Unavailable,Unavailable,,
2021-02-23 22:34:59,Unavailable,Unavailable,Unavailable,Unavailable,,
2021-02-23 22:29:58,Unavailable,Unavailable,Unavailable,Unavailable,,
2021-02-23 22:24:59,Unavailable,Unavailable,Unavailable,Unavailable,,
2021-02-23 22:20:00,Unavailable,Unavailable,Unavailable,Unavailable,,
2021-02-23 22:14:58,Unavailable,Unavailable,Unavailable,Unavailable,,
2021-02-23 22:10:00,Unavailable,Unavailable,Unavailable,Unavailable,,
2021-02-23 22:04:57,Unavailable,Unavailable,Unavailable,Unavailable,,
2021-02-23 21:59:58,Unavailable,Unavailable,Unavailable,Unavailable,,
2021-02-23 21:55:01,Unavailable,Unavailable,Unavailable,Unavailable,,
2021-02-23 21:50:03,Unavailable,Unavailable,Unavailable,Unavailable,,
2021-02-23 21:45:00,Unavailable,Unavailable,Unavailable,Unavailable,,
2021-02-23 21:44:10,Unavailable,Unavailable,Unavailable,Unavailable,,
2021-02-23 21:40:01,Unavailable,Unavailable,Unavailable,Unavailable,,
2021-02-23 21:34:57,Unavailable,Unavailable,Unavailable,Unavailable,,
2021-02-23 21:29:59,Unavailable,Unavailable,Unavailable,Unavailable,,
2021-02-23 21:25:02,Unavailable,Unavailable,Unavailable,Unavailable,,
2021-02-23 21:15:37,Unavailable,Unavailable,Unavailable,Unavailable,,
2021-02-23 21:13:35,Unavailable,Unavailable,Unavailable,Unavailable,,
2021-02-23 20:52:51,Unavailable,Unavailable,Unavailable,Unavailable,,
2021-02-23 20:52:06,Unavailable,Unavailable,Unavailable,Unavailable,,
2021-02-23 20:23:06,Unavailable,Unavailable,Unavailable,Unavailable,,
2021-02-23 20:00:38,Unavailable,Unavailable,Unavailable,Unavailable,,
2021-02-23 19:00:48,Unavailable,Unavailable,Unavailable,Unavailable,,
2021-02-23 18:52:19,Unavailable,Unavailable,Unavailable,Unavailable,,
2021-02-23 18:37:43,Unavailable,Unavailable,Unavailable,Unavailable,,
2021-02-23 18:19:59,Unavailable,Unavailable,Unavailable,Unavailable,,
2021-02-23 17:55:31,Unavailable,Unavailable,Unavailable,Unavailable,,
2021-02-23 17:46:15,Unavailable,Unavailable,Unavailable,Unavailable,,
2021-02-23 17:25:35,Unavailable,Unavailable,Unavailable,Unavailable,,
2021-02-23 16:58:07,Unavailable,Unavailable,Unavailable,Unavailable,,
2021-02-23 16:49:32,Unavailable,Unavailable,Unavailable,Available,,
2021-02-23 16:35:28,Unavailable,Unavailable,Unavailable,Unavailable,,
2021-02-23 16:22:15,Unavailable,Available Schenectady(10),Unavailable,Unavailable,,
2021-02-23 15:58:51,Unavailable,Unavailable,Unavailable,Unavailable,,
2021-02-23 15:50:16,Unavailable,Unavailable,Unavailable,Unavailable,,
2021-02-23 15:41:29,Unavailable,Unavailable,Unavailable,Unavailable,,
2021-02-23 15:25:22,Unavailable,Unavailable,Unavailable,Unavailable,,
2021-02-23 14:58:34,Unavailable,Unavailable,Unavailable,Unavailable,,
2021-02-23 14:49:57,Unavailable,Unavailable,Unavailable,Unavailable,,
2021-02-23 14:41:13,Unavailable,Unavailable,Unavailable,Unavailable,,
2021-02-23 14:30:36,Unavailable,Unavailable,Unavailable,Unavailable,,
2021-02-23 14:19:18,Unavailable,Unavailable,Unavailable,Unavailable,,
2021-02-23 13:57:08,Unavailable,Unavailable,Unavailable,Unavailable,,
2021-02-23 13:47:19,Unavailable,Unavailable,Unavailable,Unavailable,,
2021-02-23 13:25:52,Unavailable,Unavailable,Unavailable,Available,,
2021-02-23 12:57:32,Unavailable,Unavailable,Unavailable,Unavailable,,
2021-02-23 12:46:29,Unavailable,Unavailable,Unavailable,Unavailable,,
2021-02-23 12:17:52,Unavailable,Unavailable,Unavailable,Unavailable,,
2021-02-23 11:46:43,Unavailable,Unavailable,Unavailable,Unavailable,,
2021-02-23 11:02:47,Unavailable,Unavailable,Unavailable,Unavailable,,
2021-02-23 10:52:51,Unavailable,Unavailable,Unavailable,Available,,
2021-02-23 10:49:39,Unavailable,Unavailable,Unavailable,Available,,
2021-02-23 10:20:19,Unavailable,Unavailable,Unavailable,Unavailable,,
2021-02-23 10:18:13,Unavailable,Unavailable,Unavailable,Unavailable,,
2021-02-23 09:55:48,Unavailable,Unavailable,Unavailable,Available,,
2021-02-23 09:47:11,Unavailable,Unavailable,Unavailable,Available,,
2021-02-23 09:35:39,Unavailable,Unavailable,Unavailable,Available,,
2021-02-23 09:22:50,Unavailable,Unavailable,Unavailable,Available,,
2021-02-23 08:56:23,Unavailable,Unavailable,Unavailable,Available,,
2021-02-23 08:47:47,Unavailable,Unavailable,Unavailable,Available,,
2021-02-23 08:39:24,Unavailable,Unavailable,Unavailable,Available,,
2021-02-23 08:36:13,Unavailable,Unavailable,Unavailable,Available,,
2021-02-23 08:25:26,Unavailable,Unavailable,Unavailable,Unavailable,,
2021-02-23 08:00:16,Unavailable,Unavailable,Unavailable,Unavailable,,
2021-02-23 07:35:39,Unavailable,Unavailable,Unavailable,Unavailable,,
2021-02-23 07:04:07,Unavailable,Unavailable,Unavailable,Unavailable,,
2021-02-23 06:52:39,Unavailable,Unavailable,Unavailable,Unavailable,,
2021-02-23 06:44:13,Unavailable,Unavailable,Unavailable,Unavailable,,
2021-02-23 06:33:18,Unavailable,Unavailable,Unavailable,Unavailable,,
2021-02-23 06:20:54,Unavailable,Unavailable,Unavailable,Unavailable,,
2021-02-23 05:55:59,Unavailable,Unavailable,Unavailable,Unavailable,,
2021-02-23 05:47:08,Unavailable,Unavailable,Unavailable,Unavailable,,
2021-02-23 05:28:37,Unavailable,Unavailable,Unavailable,Unavailable,,
2021-02-23 05:01:22,Unavailable,Unavailable,Unavailable,Unavailable,,
2021-02-23 04:52:17,Unavailable,Unavailable,Unavailable,Unavailable,,
2021-02-23 04:37:11,Unavailable,Unavailable,Unavailable,Unavailable,,
2021-02-23 04:19:10,Unavailable,Unavailable,Unavailable,Unavailable,,
2021-02-23 03:55:21,Unavailable,Unavailable,Unavailable,Unavailable,,
2021-02-23 03:40:22,Unavailable,Unavailable,Unavailable,Unavailable,,
2021-02-23 03:15:25,Unavailable,Unavailable,Unavailable,Unavailable,,
2021-02-23 02:54:20,Unavailable,Available,Unavailable,Unavailable,,
2021-02-23 02:45:54,Unavailable,Available,Unavailable,Unavailable,,
2021-02-23 02:34:52,Unavailable,Available,Unavailable,Unavailable,,
2021-02-23 02:22:03,Unavailable,Available,Unavailable,Unavailable,,
2021-02-23 01:56:16,Unavailable,Unavailable,Unavailable,Unavailable,,
2021-02-23 01:39:56,Unavailable,Unavailable,Unavailable,Unavailable,,
2021-02-23 01:17:39,Unavailable,Unavailable,Unavailable,Unavailable,,
2021-02-23 00:55:02,Unavailable,Unavailable,Unavailable,Unavailable,,
2021-02-23 00:46:26,Unavailable,Unavailable,Unavailable,Unavailable,,
2021-02-23 00:35:08,Unavailable,Unavailable,Unavailable,Unavailable,,
2021-02-23 00:22:15,Unavailable,Unavailable,Unavailable,Unavailable,,
2021-02-23 00:01:34,Unavailable,Unavailable,Unavailable,Unavailable,,
2021-02-22 23:40:36,Unavailable,Unavailable,Unavailable,Unavailable,,
2021-02-22 23:17:12,Unavailable,Unavailable,Unavailable,Unavailable,,
2021-02-22 22:54:50,Unavailable,Unavailable,Unavailable,Unavailable,,
2021-02-22 22:46:25,Unavailable,Unavailable,Unavailable,Unavailable,,
2021-02-22 22:26:31,Unavailable,Unavailable,Unavailable,Unavailable,,
2021-02-22 22:00:43,Unavailable,Unavailable,Unavailable,Unavailable,,
2021-02-22 21:52:08,Unavailable,Unavailable,Unavailable,Unavailable,,
2021-02-22 21:50:56,Unavailable,Unavailable,Unavailable,Unavailable,,
2021-02-22 21:44:07,Unavailable,Unavailable,Unavailable,Unavailable,,
2021-02-22 21:36:50,Unavailable,Unavailable,Unavailable,Unavailable,,
2021-02-22 21:31:33,Unavailable,Unavailable,Unavailable,Unavailable,,
2021-02-22 21:27:57,Unavailable,Unavailable,Unavailable,Unavailable,,
2021-02-22 21:09:20,Unavailable,Unavailable,Unavailable,Unavailable,,
2021-02-22 20:51:00,Unavailable,Unavailable,Unavailable,Unavailable,,
2021-02-22 19:58:16,Unavailable,Unavailable,Unavailable,Unavailable,,
2021-02-22 18:58:07,Unavailable,Unavailable,Unavailable,Unavailable,,
2021-02-22 18:49:27,Unavailable,Unavailable,Unavailable,Unavailable,,
2021-02-22 18:34:18,Unavailable,Unavailable,Unavailable,Unavailable,,
2021-02-22 18:12:20,Unavailable,Unavailable,Unavailable,Unavailable,,
2021-02-22 17:54:26,Unavailable,Unavailable,Unavailable,Unavailable,,
2021-02-22 17:43:57,Unavailable,Unavailable,Unavailable,Unavailable,,
2021-02-22 17:24:53,Unavailable,Unavailable,Unavailable,Unavailable,,
2021-02-22 16:57:02,Unavailable,Unavailable,Unavailable,Unavailable,,
2021-02-22 16:48:28,Unavailable,Unavailable,Unavailable,Unavailable,,
2021-02-22 16:34:59,Unavailable,Unavailable,Unavailable,Unavailable,,
2021-02-22 16:21:38,Unavailable,Unavailable,Unavailable,Unavailable,,
2021-02-22 15:58:34,Unavailable,Unavailable,Unavailable,Unavailable,,
2021-02-22 15:50:11,Unavailable,Unavailable,Unavailable,Unavailable,,
2021-02-22 15:40:23,Unavailable,Unavailable,Unavailable,Unavailable,,
2021-02-22 15:31:05,Unavailable,Unavailable,Unavailable,Unavailable,,
2021-02-22 10:10:01,Unavailable,Available,Unavailable,Unavailable,,
2021-02-22 09:54:05,Unavailable,Available,Unavailable,Unavailable,,
2021-02-22 09:45:32,Unavailable,Available,Unavailable,Unavailable,,
2021-02-22 09:33:37,Unavailable,Available,Unavailable,Unavailable,,
2021-02-22 09:18:08,Unavailable,Available,Unavailable,Unavailable,,
2021-02-22 08:55:33,Unavailable,Available,Unavailable,Unavailable,,
2021-02-22 08:46:55,Unavailable,Available,Unavailable,Unavailable,,
2021-02-22 08:38:28,Unavailable,Available,Unavailable,Unavailable,,
2021-02-22 08:28:31,Unavailable,Available,Unavailable,Unavailable,,
2021-02-22 08:19:04,Unavailable,Available,Unavailable,Unavailable,,
2021-02-22 07:56:24,Unavailable,Available,Unavailable,Unavailable,,
2021-02-22 07:48:08,Unavailable,Available,Unavailable,Unavailable,,
2021-02-22 07:27:53,Unavailable,Available,Unavailable,Unavailable,,
2021-02-22 06:58:37,Unavailable,Available,Unavailable,Unavailable,,
2021-02-22 06:50:08,Unavailable,Available,Unavailable,Unavailable,,
2021-02-22 06:41:43,Unavailable,Available,Unavailable,Unavailable,,
2021-02-22 06:29:33,Unavailable,Available,Unavailable,Unavailable,,
2021-02-22 06:10:50,Unavailable,Available,Unavailable,Unavailable,,
2021-02-22 05:54:19,Unavailable,Available,Unavailable,Unavailable,,
2021-02-22 05:45:52,Unavailable,Available,Unavailable,Unavailable,,
2021-02-22 05:35:08,Unavailable,Available,Unavailable,Unavailable,,
2021-02-22 05:23:10,Unavailable,Available,Unavailable,Unavailable,,
2021-02-22 04:58:43,Unavailable,Available,Unavailable,Unavailable,,
2021-02-22 04:50:28,Unavailable,Available,Unavailable,Unavailable,,
2021-02-22 04:42:02,Unavailable,Available,Unavailable,Unavailable,,
2021-02-22 04:29:32,Unavailable,Available,Unavailable,Unavailable,,
2021-02-22 04:14:01,Unavailable,Available,Unavailable,Unavailable,,
2021-02-22 03:55:10,Unavailable,Available,Unavailable,Unavailable,,
2021-02-22 03:46:49,Unavailable,Available,Unavailable,Unavailable,,
2021-02-22 03:35:25,Unavailable,Available,Unavailable,Unavailable,,
2021-02-22 03:19:47,Unavailable,Available,Unavailable,Unavailable,,
2021-02-22 02:55:44,Unavailable,Available,Unavailable,Unavailable,,
2021-02-22 02:47:18,Unavailable,Available,Unavailable,Unavailable,,
2021-02-22 02:38:48,Unavailable,Available,Unavailable,Unavailable,,
2021-02-22 02:30:12,Unavailable,Available,Unavailable,Unavailable,,
2021-02-22 02:20:15,Unavailable,Available,Unavailable,Unavailable,,
2021-02-22 01:58:10,Unavailable,Available,Unavailable,Unavailable,,
2021-02-22 01:49:58,Unavailable,Available,Unavailable,Unavailable,,
2021-02-22 01:35:08,Unavailable,Available,Unavailable,Unavailable,,
2021-02-22 01:11:19,Unavailable,Available,Unavailable,Unavailable,,
2021-02-22 00:54:00,Unavailable,Available,Unavailable,Unavailable,,
2021-02-22 00:45:52,Unavailable,Available,Unavailable,Unavailable,,
2021-02-22 00:33:55,Unavailable,Available,Unavailable,Unavailable,,
2021-02-22 00:16:52,Unavailable,Available,Unavailable,Unavailable,,
2021-02-21 23:55:22,Unavailable,Unavailable,Unavailable,Unavailable,,
2021-02-21 23:37:33,Unavailable,Unavailable,Unavailable,Unavailable,,
2021-02-21 23:09:45,Unavailable,Unavailable,Unavailable,Unavailable,,
2021-02-21 22:53:39,Unavailable,Unavailable,Unavailable,Unavailable,,
2021-02-21 22:43:20,Unavailable,Unavailable,Unavailable,Unavailable,,
2021-02-21 22:25:21,Unavailable,Unavailable,Unavailable,Unavailable,,
2021-02-21 21:57:50,Unavailable,Unavailable,Unavailable,Unavailable,,
2021-02-21 21:49:32,Unavailable,Unavailable,Unavailable,Unavailable,,
2021-02-21 21:32:18,Unavailable,Unavailable,Unavailable,Unavailable,,
2021-02-21 21:00:14,Unavailable,Unavailable,Unavailable,Unavailable,,
2021-02-21 20:20:22,Unavailable,Unavailable,Unavailable,Unavailable,,
2021-02-21 19:25:14,Unavailable,Unavailable,Unavailable,Unavailable,,
2021-02-21 18:54:10,Unavailable,Unavailable,Unavailable,Unavailable,,
2021-02-21 18:45:20,Unavailable,Unavailable,Unavailable,Unavailable,,
2021-02-21 18:26:44,Unavailable,Unavailable,Unavailable,Unavailable,,
2021-02-21 18:01:34,Unavailable,Unavailable,Unavailable,Unavailable,,
2021-02-21 17:52:24,Unavailable,Unavailable,Unavailable,Unavailable,,
2021-02-21 17:38:41,Unavailable,Unavailable,Unavailable,Unavailable,,
2021-02-21 17:18:30,Unavailable,Unavailable,Unavailable,Unavailable,,
2021-02-21 16:55:23,Unavailable,Unavailable,Unavailable,Unavailable,,
2021-02-21 16:46:42,Unavailable,Unavailable,Unavailable,Unavailable,,
2021-02-21 16:33:30,Unavailable,Unavailable,Unavailable,Unavailable,,
2021-02-21 16:20:03,Unavailable,Unavailable,Unavailable,Unavailable,,
2021-02-21 15:56:56,Unavailable,Unavailable,Unavailable,Unavailable,,
2021-02-21 15:48:17,Unavailable,Unavailable,Unavailable,Unavailable,,
2021-02-21 15:38:04,Unavailable,Unavailable,Unavailable,Unavailable,,
2021-02-21 15:24:15,Unavailable,Unavailable,Unavailable,Unavailable,,
2021-02-21 14:57:53,Unavailable,Unavailable,Unavailable,Unavailable,,
2021-02-21 14:49:19,Unavailable,Unavailable,Unavailable,Unavailable,,
2021-02-21 14:40:48,Unavailable,Unavailable,Unavailable,Unavailable,,
2021-02-21 14:30:42,Unavailable,Unavailable,Unavailable,Unavailable,,
2021-02-21 14:19:58,Unavailable,Unavailable,Unavailable,Unavailable,,
2021-02-21 13:59:55,Unavailable,Unavailable,Unavailable,Unavailable,,
2021-02-21 13:51:26,Unavailable,Unavailable,Unavailable,Unavailable,,
2021-02-21 13:31:24,Unavailable,Unavailable,Unavailable,Unavailable,,
2021-02-21 13:06:40,Unavailable,Unavailable,Unavailable,Unavailable,,
2021-02-21 12:53:17,Unavailable,Unavailable,Unavailable,Unavailable,,
2021-02-21 12:40:02,Unavailable,Unavailable,Unavailable,Unavailable,,
2021-02-21 12:12:55,Unavailable,Unavailable,Unavailable,Unavailable,,
2021-02-21 11:41:20,Unavailable,Unavailable,Unavailable,Unavailable,,
2021-02-21 10:59:27,Unavailable,Unavailable,Unavailable,Unavailable,,
2021-02-21 10:51:10,Unavailable,Unavailable,Unavailable,Unavailable,,
2021-02-21 10:35:37,Unavailable,Unavailable,Unavailable,Unavailable,,
2021-02-21 10:17:34,Unavailable,Unavailable,Unavailable,Unavailable,,
2021-02-21 09:55:33,Unavailable,Unavailable,Unavailable,Unavailable,,
2021-02-21 09:46:56,Unavailable,Unavailable,Unavailable,Unavailable,,
2021-02-21 09:36:13,Unavailable,Unavailable,Unavailable,Unavailable,,
2021-02-21 09:23:46,Unavailable,Unavailable,Unavailable,Unavailable,,
2021-02-21 08:58:26,Unavailable,Unavailable,Unavailable,Unavailable,,
2021-02-21 08:50:03,Unavailable,Unavailable,Unavailable,Unavailable,,
2021-02-21 08:41:38,Unavailable,Unavailable,Unavailable,Unavailable,,
2021-02-21 08:31:20,Unavailable,Unavailable,Unavailable,Unavailable,,
2021-02-21 08:20:28,Unavailable,Unavailable,Unavailable,Unavailable,,
2021-02-21 07:56:16,Unavailable,Unavailable,Unavailable,Unavailable,,
2021-02-21 07:31:58,Unavailable,Unavailable,Unavailable,Unavailable,,
2021-02-21 06:59:23,Unavailable,Unavailable,Unavailable,Unavailable,,
2021-02-21 06:50:50,Unavailable,Unavailable,Unavailable,Unavailable,,
2021-02-21 06:42:26,Unavailable,Unavailable,Unavailable,Unavailable,,
2021-02-21 06:31:40,Unavailable,Unavailable,Unavailable,Unavailable,,
2021-02-21 06:17:46,Unavailable,Unavailable,Unavailable,Unavailable,,
2021-02-21 05:55:37,Unavailable,Unavailable,Unavailable,Unavailable,,
2021-02-21 05:47:12,Unavailable,Unavailable,Unavailable,Unavailable,,
2021-02-21 05:32:37,Unavailable,Unavailable,Unavailable,Unavailable,,
2021-02-21 05:30:09,Unavailable,Unavailable,Unavailable,Unavailable,,
2021-02-21 05:09:36,Unavailable,Unavailable,Unavailable,Unavailable,,
2021-02-21 04:53:49,Unavailable,Unavailable,Unavailable,Unavailable,,
2021-02-21 04:45:22,Unavailable,Unavailable,Unavailable,Unavailable,,
2021-02-21 04:26:32,Unavailable,Unavailable,Unavailable,Unavailable,,
2021-02-21 04:03:04,Unavailable,Unavailable,Unavailable,Unavailable,,
2021-02-21 03:52:46,Unavailable,Unavailable,Unavailable,Unavailable,,
2021-02-21 03:38:11,Unavailable,Unavailable,Unavailable,Unavailable,,
2021-02-21 03:14:32,Unavailable,Unavailable,Unavailable,Unavailable,,
2021-02-21 02:54:29,Unavailable,Unavailable,Unavailable,Unavailable,,
2021-02-21 02:45:54,Unavailable,Unavailable,Unavailable,Unavailable,,
2021-02-21 02:35:25,Unavailable,Unavailable,Unavailable,Unavailable,,
2021-02-21 02:22:48,Unavailable,Unavailable,Unavailable,Unavailable,,
2021-02-21 01:57:20,Unavailable,Unavailable,Unavailable,Unavailable,,
2021-02-21 01:48:35,Unavailable,Unavailable,Unavailable,Unavailable,,
2021-02-21 01:27:10,Unavailable,Unavailable,Unavailable,Unavailable,,
2021-02-21 00:59:55,Unavailable,Unavailable,Unavailable,Unavailable,,
2021-02-21 00:51:29,Unavailable,Unavailable,Unavailable,Unavailable,,
2021-02-21 00:43:04,Unavailable,Unavailable,Unavailable,Unavailable,,
